image_id,image_path,true_class,true_label,true_class_name,hard_competitor,hard_competitor_label,hard_competitor_name,original_true_prob,original_competitor_prob,original_margin,original_prediction,correct_original
15,001.Black_footed_Albatross/Black_Footed_Albatross_0040_796066.jpg,1,0,001.Black_footed_Albatross,2,1,002.Laysan_Albatross,0.99080592,0.0040960535,0.98670987,1,True
32,001.Black_footed_Albatross/Black_Footed_Albatross_0017_796098.jpg,1,0,001.Black_footed_Albatross,3,2,003.Sooty_Albatross,0.070975684,0.87052089,-0.79954521,3,False
55,001.Black_footed_Albatross/Black_Footed_Albatross_0007_796138.jpg,1,0,001.Black_footed_Albatross,86,85,086.Pacific_Loon,0.859626,0.024666145,0.83495985,1,True
72,002.Laysan_Albatross/Laysan_Albatross_0065_809.jpg,2,1,002.Laysan_Albatross,59,58,059.California_Gull,0.99786645,0.00063170661,0.99723475,2,True
113,002.Laysan_Albatross/Laysan_Albatross_0029_482.jpg,2,1,002.Laysan_Albatross,45,44,045.Northern_Fulmar,0.94163913,0.027316261,0.91432286,2,True
115,002.Laysan_Albatross/Laysan_Albatross_0018_492.jpg,2,1,002.Laysan_Albatross,1,0,001.Black_footed_Albatross,0.83082974,0.061613154,0.76921659,2,True
138,003.Sooty_Albatross/Sooty_Albatross_0055_1160.jpg,3,2,003.Sooty_Albatross,45,44,045.Northern_Fulmar,0.84753388,0.020973392,0.82656049,3,True
148,003.Sooty_Albatross/Sooty_Albatross_0017_796349.jpg,3,2,003.Sooty_Albatross,1,0,001.Black_footed_Albatross,0.22185212,0.74328011,-0.52142799,1,False
151,003.Sooty_Albatross/Sooty_Albatross_0075_796352.jpg,3,2,003.Sooty_Albatross,9,8,009.Brewer_Blackbird,0.52757341,0.32756001,0.2000134,3,True
181,004.Groove_billed_Ani/Groove_Billed_Ani_0033_1494.jpg,4,3,004.Groove_billed_Ani,27,26,027.Shiny_Cowbird,0.051649947,0.1891429,-0.13749295,27,False
213,004.Groove_billed_Ani/Groove_Billed_Ani_0047_1706.jpg,4,3,004.Groove_billed_Ani,29,28,029.American_Crow,0.51389313,0.032460973,0.48143215,4,True
225,004.Groove_billed_Ani/Groove_Billed_Ani_0027_1754.jpg,4,3,004.Groove_billed_Ani,54,53,054.Blue_Grosbeak,0.98822719,0.0036683576,0.98455883,4,True
264,005.Crested_Auklet/Crested_Auklet_0033_794964.jpg,5,4,005.Crested_Auklet,7,6,007.Parakeet_Auklet,0.59147483,0.34433138,0.24714345,5,True
269,005.Crested_Auklet/Crested_Auklet_0066_785251.jpg,5,4,005.Crested_Auklet,24,23,024.Red_faced_Cormorant,0.94142151,0.031277027,0.91014448,5,True
275,005.Crested_Auklet/Crested_Auklet_0075_785259.jpg,5,4,005.Crested_Auklet,89,88,089.Hooded_Merganser,0.0034932813,0.61972213,-0.61622885,89,False
290,006.Least_Auklet/Least_Auklet_0026_795066.jpg,6,5,006.Least_Auklet,120,119,120.Fox_Sparrow,0.96401268,0.012841476,0.95117121,6,True
303,006.Least_Auklet/Least_Auklet_0010_795092.jpg,6,5,006.Least_Auklet,7,6,007.Parakeet_Auklet,0.99063748,0.0092194658,0.98141802,6,True
313,006.Least_Auklet/Least_Auklet_0030_795116.jpg,6,5,006.Least_Auklet,7,6,007.Parakeet_Auklet,0.93413615,0.055548999,0.87858715,6,True
345,007.Parakeet_Auklet/Parakeet_Auklet_0047_795956.jpg,7,6,007.Parakeet_Auklet,5,4,005.Crested_Auklet,0.99624974,0.0013946269,0.99485511,7,True
361,007.Parakeet_Auklet/Parakeet_Auklet_0025_795975.jpg,7,6,007.Parakeet_Auklet,6,5,006.Least_Auklet,0.99928313,0.00044558413,0.99883755,7,True
368,007.Parakeet_Auklet/Parakeet_Auklet_0019_795987.jpg,7,6,007.Parakeet_Auklet,6,5,006.Least_Auklet,0.72898358,0.25708771,0.47189587,7,True
388,008.Rhinoceros_Auklet/Rhinoceros_Auklet_0016_2114.jpg,8,7,008.Rhinoceros_Auklet,25,24,025.Pelagic_Cormorant,0.31629568,0.19373657,0.12255912,8,True
409,008.Rhinoceros_Auklet/Rhinoceros_Auklet_0013_797537.jpg,8,7,008.Rhinoceros_Auklet,5,4,005.Crested_Auklet,0.076199077,0.093203329,-0.017004251,5,False
415,008.Rhinoceros_Auklet/Rhinoceros_Auklet_0010_797545.jpg,8,7,008.Rhinoceros_Auklet,58,57,058.Pigeon_Guillemot,0.88425547,0.023718545,0.86053692,8,True
444,009.Brewer_Blackbird/Brewer_Blackbird_0078_2659.jpg,9,8,009.Brewer_Blackbird,27,26,027.Shiny_Cowbird,0.94763982,0.019301325,0.9283385,9,True
460,009.Brewer_Blackbird/Brewer_Blackbird_0018_2261.jpg,9,8,009.Brewer_Blackbird,29,28,029.American_Crow,0.61613083,0.11870974,0.49742109,9,True
479,009.Brewer_Blackbird/Brewer_Blackbird_0116_2327.jpg,9,8,009.Brewer_Blackbird,26,25,026.Bronzed_Cowbird,0.89434391,0.06194292,0.83240099,9,True
511,010.Red_winged_Blackbird/Red_Winged_Blackbird_0012_6015.jpg,10,9,010.Red_winged_Blackbird,109,108,109.American_Redstart,0.97539854,0.0051157335,0.97028281,10,True
515,010.Red_winged_Blackbird/Red_Winged_Blackbird_0046_4242.jpg,10,9,010.Red_winged_Blackbird,109,108,109.American_Redstart,0.9939903,0.0015322738,0.99245803,10,True
533,010.Red_winged_Blackbird/Red_Winged_Blackbird_0020_4050.jpg,10,9,010.Red_winged_Blackbird,109,108,109.American_Redstart,0.99610525,0.0010195283,0.99508573,10,True
545,011.Rusty_Blackbird/Rusty_Blackbird_0113_6664.jpg,11,10,011.Rusty_Blackbird,9,8,009.Brewer_Blackbird,0.81391543,0.049152739,0.76476269,11,True
566,011.Rusty_Blackbird/Rusty_Blackbird_0023_6752.jpg,11,10,011.Rusty_Blackbird,9,8,009.Brewer_Blackbird,0.88458419,0.055153985,0.8294302,11,True
570,011.Rusty_Blackbird/Rusty_Blackbird_0114_6760.jpg,11,10,011.Rusty_Blackbird,9,8,009.Brewer_Blackbird,0.031310655,0.94358546,-0.9122748,9,False
605,012.Yellow_headed_Blackbird/Yellow_Headed_Blackbird_0074_8452.jpg,12,11,012.Yellow_headed_Blackbird,108,107,108.White_necked_Raven,0.7755242,0.063363813,0.71216039,12,True
617,012.Yellow_headed_Blackbird/Yellow_Headed_Blackbird_0017_8511.jpg,12,11,012.Yellow_headed_Blackbird,108,107,108.White_necked_Raven,0.39908159,0.13465597,0.26442562,12,True
641,012.Yellow_headed_Blackbird/Yellow_Headed_Blackbird_0087_8358.jpg,12,11,012.Yellow_headed_Blackbird,170,169,170.Mourning_Warbler,0.03523184,0.15003186,-0.11480002,170,False
662,013.Bobolink/Bobolink_0104_10273.jpg,13,12,013.Bobolink,108,107,108.White_necked_Raven,0.99867684,0.00051466271,0.99816217,13,True
671,013.Bobolink/Bobolink_0101_9811.jpg,13,12,013.Bobolink,128,127,128.Seaside_Sparrow,0.999605,0.00010246261,0.99950254,13,True
710,013.Bobolink/Bobolink_0133_9618.jpg,13,12,013.Bobolink,89,88,089.Hooded_Merganser,0.42332432,0.10654432,0.31677999,13,True
736,014.Indigo_Bunting/Indigo_Bunting_0059_11596.jpg,14,13,014.Indigo_Bunting,15,14,015.Lazuli_Bunting,0.61405683,0.21611683,0.39793999,14,True
744,014.Indigo_Bunting/Indigo_Bunting_0056_12637.jpg,14,13,014.Indigo_Bunting,54,53,054.Blue_Grosbeak,0.45429036,0.23782425,0.21646611,14,True
762,014.Indigo_Bunting/Indigo_Bunting_0026_11964.jpg,14,13,014.Indigo_Bunting,54,53,054.Blue_Grosbeak,0.26002708,0.73060501,-0.47057793,54,False
782,015.Lazuli_Bunting/Lazuli_Bunting_0102_14605.jpg,15,14,015.Lazuli_Bunting,14,13,014.Indigo_Bunting,0.99838781,0.0001679712,0.99821984,15,True
822,015.Lazuli_Bunting/Lazuli_Bunting_0105_15017.jpg,15,14,015.Lazuli_Bunting,158,157,158.Bay_breasted_Warbler,0.99859387,0.00029423225,0.99829963,15,True
823,015.Lazuli_Bunting/Lazuli_Bunting_0031_15018.jpg,15,14,015.Lazuli_Bunting,14,13,014.Indigo_Bunting,0.99686867,0.00070768705,0.99616098,15,True
861,016.Painted_Bunting/Painted_Bunting_0028_15205.jpg,16,15,016.Painted_Bunting,97,96,097.Orchard_Oriole,0.99282211,0.0028612369,0.98996087,16,True
862,016.Painted_Bunting/Painted_Bunting_0034_15207.jpg,16,15,016.Painted_Bunting,14,13,014.Indigo_Bunting,0.99237555,0.004738444,0.98763711,16,True
881,016.Painted_Bunting/Painted_Bunting_0086_16540.jpg,16,15,016.Painted_Bunting,172,171,172.Nashville_Warbler,0.95649552,0.021912973,0.93458255,16,True
912,017.Cardinal/Cardinal_0051_17223.jpg,17,16,017.Cardinal,140,139,140.Summer_Tanager,0.74771363,0.083501309,0.66421232,17,True
920,017.Cardinal/Cardinal_0079_19044.jpg,17,16,017.Cardinal,139,138,139.Scarlet_Tanager,0.98725224,0.0064740879,0.98077815,17,True
929,017.Cardinal/Cardinal_0028_18054.jpg,17,16,017.Cardinal,34,33,034.Gray_crowned_Rosy_Finch,0.57880664,0.034658138,0.5441485,17,True
955,018.Spotted_Catbird/Spotted_Catbird_0012_796802.jpg,18,17,018.Spotted_Catbird,37,36,037.Acadian_Flycatcher,0.9975031,0.00072344136,0.99677966,18,True
956,018.Spotted_Catbird/Spotted_Catbird_0016_796803.jpg,18,17,018.Spotted_Catbird,187,186,187.American_Three_toed_Woodpecker,0.95713216,0.0062279813,0.95090418,18,True
984,018.Spotted_Catbird/Spotted_Catbird_0013_19428.jpg,18,17,018.Spotted_Catbird,168,167,168.Kentucky_Warbler,0.99594915,0.00055115606,0.99539799,18,True
1017,019.Gray_Catbird/Gray_Catbird_0080_20139.jpg,19,18,019.Gray_Catbird,193,192,193.Bewick_Wren,0.16286303,0.10138861,0.06147442,19,True
1027,019.Gray_Catbird/Gray_Catbird_0063_20707.jpg,19,18,019.Gray_Catbird,155,154,155.Warbling_Vireo,0.52054602,0.41611505,0.10443097,19,True
1034,019.Gray_Catbird/Gray_Catbird_0050_20763.jpg,19,18,019.Gray_Catbird,155,154,155.Warbling_Vireo,0.99866998,0.00052244758,0.99814753,19,True
1058,020.Yellow_breasted_Chat/Yellow_Breasted_Chat_0090_21931.jpg,20,19,020.Yellow_breasted_Chat,170,169,170.Mourning_Warbler,0.71738225,0.079226732,0.63815552,20,True
1074,020.Yellow_breasted_Chat/Yellow_Breasted_Chat_0044_22106.jpg,20,19,020.Yellow_breasted_Chat,200,199,200.Common_Yellowthroat,0.99771452,0.00087665714,0.99683786,20,True
1103,020.Yellow_breasted_Chat/Yellow_Breasted_Chat_0012_21961.jpg,20,19,020.Yellow_breasted_Chat,200,199,200.Common_Yellowthroat,0.9663679,0.028351579,0.93801632,20,True
1149,021.Eastern_Towhee/Eastern_Towhee_0120_22189.jpg,21,20,021.Eastern_Towhee,109,108,109.American_Redstart,0.66058576,0.25489292,0.40569285,21,True
1165,021.Eastern_Towhee/Eastern_Towhee_0082_22330.jpg,21,20,021.Eastern_Towhee,158,157,158.Bay_breasted_Warbler,0.93775868,0.021741064,0.91601762,21,True
1171,021.Eastern_Towhee/Eastern_Towhee_0027_22372.jpg,21,20,021.Eastern_Towhee,149,148,149.Brown_Thrasher,0.026651409,0.12675384,-0.10010243,149,False
1186,022.Chuck_will_Widow/Chuck_Will_Widow_0007_796958.jpg,22,21,022.Chuck_will_Widow,105,104,105.Whip_poor_Will,0.84066689,0.026740232,0.81392666,22,True
1188,022.Chuck_will_Widow/Chuck_Will_Widow_0017_796960.jpg,22,21,022.Chuck_will_Widow,126,125,126.Nelson_Sharp_tailed_Sparrow,0.10175791,0.12420683,-0.022448912,126,False
1229,022.Chuck_will_Widow/Chuck_Will_Widow_0050_22750.jpg,22,21,022.Chuck_will_Widow,105,104,105.Whip_poor_Will,0.63420337,0.27978027,0.35442311,22,True
1241,023.Brandt_Cormorant/Brandt_Cormorant_0067_23352.jpg,23,22,023.Brandt_Cormorant,87,86,087.Mallard,0.023140343,0.15346535,-0.130325,87,False
1259,023.Brandt_Cormorant/Brandt_Cormorant_0083_23156.jpg,23,22,023.Brandt_Cormorant,30,29,030.Fish_Crow,0.05068158,0.57140702,-0.52072544,30,False
1286,023.Brandt_Cormorant/Brandt_Cormorant_0063_22865.jpg,23,22,023.Brandt_Cormorant,108,107,108.White_necked_Raven,0.45048338,0.073575899,0.37690748,23,True
1298,024.Red_faced_Cormorant/Red_Faced_Cormorant_0002_796275.jpg,24,23,024.Red_faced_Cormorant,25,24,025.Pelagic_Cormorant,0.88198864,0.11561392,0.76637472,24,True
1299,024.Red_faced_Cormorant/Red_Faced_Cormorant_0050_796276.jpg,24,23,024.Red_faced_Cormorant,5,4,005.Crested_Auklet,0.99761498,0.0012448471,0.99637013,24,True
1332,024.Red_faced_Cormorant/Red_Faced_Cormorant_0036_796329.jpg,24,23,024.Red_faced_Cormorant,26,25,026.Bronzed_Cowbird,0.50150925,0.10739798,0.39411127,24,True
1343,025.Pelagic_Cormorant/Pelagic_Cormorant_0054_23812.jpg,25,24,025.Pelagic_Cormorant,23,22,023.Brandt_Cormorant,0.56461346,0.41531381,0.14929965,25,True
1357,025.Pelagic_Cormorant/Pelagic_Cormorant_0017_23875.jpg,25,24,025.Pelagic_Cormorant,23,22,023.Brandt_Cormorant,0.61489743,0.12916245,0.48573498,25,True
1375,025.Pelagic_Cormorant/Pelagic_Cormorant_0044_23536.jpg,25,24,025.Pelagic_Cormorant,23,22,023.Brandt_Cormorant,0.6793288,0.1835593,0.4957695,25,True
1415,026.Bronzed_Cowbird/Bronzed_Cowbird_0052_796216.jpg,26,25,026.Bronzed_Cowbird,30,29,030.Fish_Crow,0.038705252,0.54305673,-0.50435147,30,False
1426,026.Bronzed_Cowbird/Bronzed_Cowbird_0040_24134.jpg,26,25,026.Bronzed_Cowbird,27,26,027.Shiny_Cowbird,0.070474766,0.65338403,-0.58290926,27,False
1436,026.Bronzed_Cowbird/Bronzed_Cowbird_0002_796244.jpg,26,25,026.Bronzed_Cowbird,108,107,108.White_necked_Raven,0.073849,0.32361141,-0.24976241,108,False
1464,027.Shiny_Cowbird/Shiny_Cowbird_0019_24323.jpg,27,26,027.Shiny_Cowbird,128,127,128.Seaside_Sparrow,0.0013845729,0.40904742,-0.40766285,128,False
1491,027.Shiny_Cowbird/Shiny_Cowbird_0070_796832.jpg,27,26,027.Shiny_Cowbird,107,106,107.Common_Raven,0.0045844112,0.72345728,-0.71887287,107,False
1514,027.Shiny_Cowbird/Shiny_Cowbird_0062_24271.jpg,27,26,027.Shiny_Cowbird,29,28,029.American_Crow,0.92737389,0.051956356,0.87541753,27,True
1548,028.Brown_Creeper/Brown_Creeper_0007_24902.jpg,28,27,028.Brown_Creeper,187,186,187.American_Three_toed_Woodpecker,0.99829084,0.0010334506,0.99725739,28,True
1571,028.Brown_Creeper/Brown_Creeper_0115_24488.jpg,28,27,028.Brown_Creeper,190,189,190.Red_cockaded_Woodpecker,0.99945396,0.00027263173,0.99918133,28,True
1581,028.Brown_Creeper/Brown_Creeper_0121_24574.jpg,28,27,028.Brown_Creeper,190,189,190.Red_cockaded_Woodpecker,0.9989754,0.00022713479,0.99874826,28,True
1601,029.American_Crow/American_Crow_0132_25704.jpg,29,28,029.American_Crow,30,29,030.Fish_Crow,0.52439839,0.21971357,0.30468482,29,True
1603,029.American_Crow/American_Crow_0068_25198.jpg,29,28,029.American_Crow,142,141,142.Black_Tern,0.0046075927,0.43670177,-0.43209418,142,False
1639,029.American_Crow/American_Crow_0062_25587.jpg,29,28,029.American_Crow,30,29,030.Fish_Crow,0.68187028,0.1980596,0.48381068,29,True
1658,030.Fish_Crow/Fish_Crow_0033_25915.jpg,30,29,030.Fish_Crow,107,106,107.Common_Raven,0.035228293,0.35790706,-0.32267876,107,False
1670,030.Fish_Crow/Fish_Crow_0028_25968.jpg,30,29,030.Fish_Crow,19,18,019.Gray_Catbird,0.00055489497,0.41204557,-0.41149067,19,False
1671,030.Fish_Crow/Fish_Crow_0003_25970.jpg,30,29,030.Fish_Crow,29,28,029.American_Crow,0.77423829,0.15222125,0.62201704,30,True
1704,031.Black_billed_Cuckoo/Black_Billed_Cuckoo_0028_26165.jpg,31,30,031.Black_billed_Cuckoo,33,32,033.Yellow_billed_Cuckoo,0.023109242,0.86854804,-0.84543879,33,False
1717,031.Black_billed_Cuckoo/Black_Billed_Cuckoo_0088_26217.jpg,31,30,031.Black_billed_Cuckoo,33,32,033.Yellow_billed_Cuckoo,0.99477637,0.0050469674,0.9897294,31,True
1749,031.Black_billed_Cuckoo/Black_Billed_Cuckoo_0057_795323.jpg,31,30,031.Black_billed_Cuckoo,33,32,033.Yellow_billed_Cuckoo,0.032462053,0.86134332,-0.82888127,33,False
1772,032.Mangrove_Cuckoo/Mangrove_Cuckoo_0015_26380.jpg,32,31,032.Mangrove_Cuckoo,33,32,033.Yellow_billed_Cuckoo,0.0026856926,0.92904156,-0.92635587,33,False
1790,032.Mangrove_Cuckoo/Mangrove_Cuckoo_0027_26360.jpg,32,31,032.Mangrove_Cuckoo,136,135,136.Barn_Swallow,0.56405169,0.049246375,0.51480531,32,True
1802,032.Mangrove_Cuckoo/Mangrove_Cuckoo_0016_794607.jpg,32,31,032.Mangrove_Cuckoo,31,30,031.Black_billed_Cuckoo,0.74626368,0.08396247,0.66230121,32,True
1837,033.Yellow_billed_Cuckoo/Yellow_Billed_Cuckoo_0097_26713.jpg,33,32,033.Yellow_billed_Cuckoo,31,30,031.Black_billed_Cuckoo,0.54841304,0.083346128,0.46506691,33,True
1855,033.Yellow_billed_Cuckoo/Yellow_Billed_Cuckoo_0010_26795.jpg,33,32,033.Yellow_billed_Cuckoo,31,30,031.Black_billed_Cuckoo,0.89784962,0.05132563,0.84652399,33,True
1860,033.Yellow_billed_Cuckoo/Yellow_Billed_Cuckoo_0121_26807.jpg,33,32,033.Yellow_billed_Cuckoo,31,30,031.Black_billed_Cuckoo,0.9898718,0.0039350241,0.98593678,33,True
1877,034.Gray_crowned_Rosy_Finch/Gray_Crowned_Rosy_Finch_0074_27156.jpg,34,33,034.Gray_crowned_Rosy_Finch,52,51,052.Pied_billed_Grebe,0.99706692,0.0007894974,0.99627742,34,True
1897,034.Gray_crowned_Rosy_Finch/Gray_Crowned_Rosy_Finch_0006_797284.jpg,34,33,034.Gray_crowned_Rosy_Finch,199,198,199.Winter_Wren,0.97992837,0.0022221694,0.9777062,34,True
1905,034.Gray_crowned_Rosy_Finch/Gray_Crowned_Rosy_Finch_0056_797293.jpg,34,33,034.Gray_crowned_Rosy_Finch,52,51,052.Pied_billed_Grebe,0.99860305,0.00079473259,0.99780831,34,True
1952,035.Purple_Finch/Purple_Finch_0102_27308.jpg,35,34,035.Purple_Finch,56,55,056.Pine_Grosbeak,0.9852336,0.0041749771,0.98105863,35,True
1973,035.Purple_Finch/Purple_Finch_0134_27526.jpg,35,34,035.Purple_Finch,119,118,119.Field_Sparrow,0.99144721,0.001561736,0.98988547,35,True
1974,035.Purple_Finch/Purple_Finch_0053_27543.jpg,35,34,035.Purple_Finch,140,139,140.Summer_Tanager,0.98106855,0.0058226553,0.9752459,35,True
2001,036.Northern_Flicker/Northern_Flicker_0037_28751.jpg,36,35,036.Northern_Flicker,189,188,189.Red_bellied_Woodpecker,0.99622309,0.0027717445,0.99345135,36,True
2034,036.Northern_Flicker/Northern_Flicker_0138_28476.jpg,36,35,036.Northern_Flicker,35,34,035.Purple_Finch,0.95220619,0.012061115,0.94014508,36,True
2038,036.Northern_Flicker/Northern_Flicker_0118_28500.jpg,36,35,036.Northern_Flicker,88,87,088.Western_Meadowlark,0.97249866,0.0029932878,0.96950537,36,True
2071,037.Acadian_Flycatcher/Acadian_Flycatcher_0054_29113.jpg,37,36,037.Acadian_Flycatcher,39,38,039.Least_Flycatcher,0.0080036856,0.44305342,-0.43504974,39,False
2088,037.Acadian_Flycatcher/Acadian_Flycatcher_0008_795599.jpg,37,36,037.Acadian_Flycatcher,39,38,039.Least_Flycatcher,0.124036,0.53452951,-0.41049351,39,False
2094,037.Acadian_Flycatcher/Acadian_Flycatcher_0039_795606.jpg,37,36,037.Acadian_Flycatcher,39,38,039.Least_Flycatcher,0.039312102,0.61589521,-0.57658311,39,False
2115,038.Great_Crested_Flycatcher/Great_Crested_Flycatcher_0084_29716.jpg,38,37,038.Great_Crested_Flycatcher,39,38,039.Least_Flycatcher,0.93497598,0.050474212,0.88450177,38,True
2152,038.Great_Crested_Flycatcher/Great_Crested_Flycatcher_0136_29490.jpg,38,37,038.Great_Crested_Flycatcher,77,76,077.Tropical_Kingbird,0.31712466,0.43423557,-0.11711091,77,False
2169,038.Great_Crested_Flycatcher/Great_Crested_Flycatcher_0069_29603.jpg,38,37,038.Great_Crested_Flycatcher,39,38,039.Least_Flycatcher,0.5758484,0.25553164,0.32031676,38,True
2176,039.Least_Flycatcher/Least_Flycatcher_0024_30230.jpg,39,38,039.Least_Flycatcher,37,36,037.Acadian_Flycatcher,0.018404689,0.46484244,-0.44643775,37,False
2198,039.Least_Flycatcher/Least_Flycatcher_0019_30358.jpg,39,38,039.Least_Flycatcher,43,42,043.Yellow_bellied_Flycatcher,0.0072778175,0.48779222,-0.48051441,43,False
2199,039.Least_Flycatcher/Least_Flycatcher_0049_30361.jpg,39,38,039.Least_Flycatcher,38,37,038.Great_Crested_Flycatcher,0.97582895,0.0081077935,0.96772115,39,True
2254,040.Olive_sided_Flycatcher/Olive_Sided_Flycatcher_0086_30553.jpg,40,39,040.Olive_sided_Flycatcher,128,127,128.Seaside_Sparrow,0.046790171,0.090178758,-0.043388586,128,False
2279,040.Olive_sided_Flycatcher/Olive_Sided_Flycatcher_0049_796889.jpg,40,39,040.Olive_sided_Flycatcher,78,77,078.Gray_Kingbird,0.9857862,0.004861508,0.98092469,40,True
2286,040.Olive_sided_Flycatcher/Olive_Sided_Flycatcher_0017_30704.jpg,40,39,040.Olive_sided_Flycatcher,135,134,135.Bank_Swallow,0.38280261,0.40935677,-0.026554167,135,False
2325,041.Scissor_tailed_Flycatcher/Scissor_Tailed_Flycatcher_0110_42136.jpg,41,40,041.Scissor_tailed_Flycatcher,32,31,032.Mangrove_Cuckoo,0.0085472595,0.49588355,-0.48733629,32,False
2334,041.Scissor_tailed_Flycatcher/Scissor_Tailed_Flycatcher_0008_41670.jpg,41,40,041.Scissor_tailed_Flycatcher,135,134,135.Bank_Swallow,0.98070854,0.014865823,0.96584272,41,True
2343,041.Scissor_tailed_Flycatcher/Scissor_Tailed_Flycatcher_0126_41905.jpg,41,40,041.Scissor_tailed_Flycatcher,111,110,111.Loggerhead_Shrike,0.95370966,0.013082617,0.94062704,41,True
2372,042.Vermilion_Flycatcher/Vermilion_Flycatcher_0006_42564.jpg,42,41,042.Vermilion_Flycatcher,148,147,148.Green_tailed_Towhee,0.99977285,3.245892e-05,0.99974039,42,True
2386,042.Vermilion_Flycatcher/Vermilion_Flycatcher_0004_42395.jpg,42,41,042.Vermilion_Flycatcher,139,138,139.Scarlet_Tanager,0.94145346,0.029109986,0.91234347,42,True
2402,042.Vermilion_Flycatcher/Vermilion_Flycatcher_0065_42467.jpg,42,41,042.Vermilion_Flycatcher,139,138,139.Scarlet_Tanager,0.99782479,0.0013070327,0.99651776,42,True
2439,043.Yellow_bellied_Flycatcher/Yellow_Bellied_Flycatcher_0018_795494.jpg,43,42,043.Yellow_bellied_Flycatcher,174,173,174.Palm_Warbler,0.019522784,0.58956939,-0.57004661,174,False
2455,043.Yellow_bellied_Flycatcher/Yellow_Bellied_Flycatcher_0049_42593.jpg,43,42,043.Yellow_bellied_Flycatcher,102,101,102.Western_Wood_Pewee,0.14512533,0.2796874,-0.13456208,102,False
2467,043.Yellow_bellied_Flycatcher/Yellow_Bellied_Flycatcher_0041_42719.jpg,43,42,043.Yellow_bellied_Flycatcher,39,38,039.Least_Flycatcher,0.12006652,0.21060658,-0.090540059,39,False
2487,044.Frigatebird/Frigatebird_0080_43064.jpg,44,43,044.Frigatebird,49,48,049.Boat_tailed_Grackle,0.99629754,0.00084299193,0.99545455,44,True
2502,044.Frigatebird/Frigatebird_0004_43221.jpg,44,43,044.Frigatebird,31,30,031.Black_billed_Cuckoo,0.0018761014,0.26665565,-0.26477955,31,False
2526,044.Frigatebird/Frigatebird_0082_42989.jpg,44,43,044.Frigatebird,72,71,072.Pomarine_Jaeger,0.18231328,0.33111554,-0.14880227,72,False
2550,045.Northern_Fulmar/Northern_Fulmar_0083_43618.jpg,45,44,045.Northern_Fulmar,72,71,072.Pomarine_Jaeger,0.11673201,0.30593818,-0.18920618,72,False
2554,045.Northern_Fulmar/Northern_Fulmar_0076_43893.jpg,45,44,045.Northern_Fulmar,63,62,063.Ivory_Gull,0.038072214,0.83647084,-0.79839863,63,False
2563,045.Northern_Fulmar/Northern_Fulmar_0041_44013.jpg,45,44,045.Northern_Fulmar,72,71,072.Pomarine_Jaeger,0.016082201,0.31557572,-0.29949352,72,False
2598,046.Gadwall/Gadwall_0017_30979.jpg,46,45,046.Gadwall,58,57,058.Pigeon_Guillemot,0.99519241,0.00094816624,0.99424424,46,True
2615,046.Gadwall/Gadwall_0030_31855.jpg,46,45,046.Gadwall,52,51,052.Pied_billed_Grebe,0.95644271,0.0065976074,0.94984511,46,True
2635,046.Gadwall/Gadwall_0012_30920.jpg,46,45,046.Gadwall,90,89,090.Red_breasted_Merganser,0.83028036,0.04670503,0.78357533,46,True
2661,047.American_Goldfinch/American_Goldfinch_0053_32359.jpg,47,46,047.American_Goldfinch,180,179,180.Wilson_Warbler,0.97408879,0.014014916,0.96007387,47,True
2664,047.American_Goldfinch/American_Goldfinch_0048_32885.jpg,47,46,047.American_Goldfinch,98,97,098.Scott_Oriole,0.99158782,0.0027489613,0.98883886,47,True
2684,047.American_Goldfinch/American_Goldfinch_0045_31974.jpg,47,46,047.American_Goldfinch,177,176,177.Prothonotary_Warbler,0.90207827,0.024357615,0.87772066,47,True
2718,048.European_Goldfinch/European_Goldfinch_0041_794645.jpg,48,47,048.European_Goldfinch,192,191,192.Downy_Woodpecker,0.99904233,0.0001686351,0.9988737,48,True
2734,048.European_Goldfinch/European_Goldfinch_0014_794672.jpg,48,47,048.European_Goldfinch,185,184,185.Bohemian_Waxwing,0.99749917,0.00084631989,0.99665285,48,True
2741,048.European_Goldfinch/European_Goldfinch_0100_794685.jpg,48,47,048.European_Goldfinch,192,191,192.Downy_Woodpecker,0.99489462,0.00069016241,0.99420446,48,True
2787,049.Boat_tailed_Grackle/Boat_Tailed_Grackle_0030_33615.jpg,49,48,049.Boat_tailed_Grackle,11,10,011.Rusty_Blackbird,0.65540463,0.15894689,0.49645774,49,True
2793,049.Boat_tailed_Grackle/Boat_Tailed_Grackle_0043_33595.jpg,49,48,049.Boat_tailed_Grackle,9,8,009.Brewer_Blackbird,0.1454857,0.095248148,0.050237551,49,True
2827,049.Boat_tailed_Grackle/Boat_Tailed_Grackle_0067_34032.jpg,49,48,049.Boat_tailed_Grackle,29,28,029.American_Crow,0.0071854591,0.64889091,-0.64170545,29,False
2832,050.Eared_Grebe/Eared_Grebe_0068_34052.jpg,50,49,050.Eared_Grebe,51,50,051.Horned_Grebe,0.79057097,0.11144431,0.67912666,50,True
2841,050.Eared_Grebe/Eared_Grebe_0027_34341.jpg,50,49,050.Eared_Grebe,51,50,051.Horned_Grebe,0.85772055,0.11886406,0.73885649,50,True
2888,050.Eared_Grebe/Eared_Grebe_0004_34277.jpg,50,49,050.Eared_Grebe,52,51,052.Pied_billed_Grebe,0.58491004,0.30543602,0.27947402,50,True
2931,051.Horned_Grebe/Horned_Grebe_0033_34736.jpg,51,50,051.Horned_Grebe,50,49,050.Eared_Grebe,0.053176861,0.66269767,-0.60952081,50,False
2932,051.Horned_Grebe/Horned_Grebe_0066_34738.jpg,51,50,051.Horned_Grebe,50,49,050.Eared_Grebe,0.39029077,0.5777306,-0.18743983,50,False
2933,051.Horned_Grebe/Horned_Grebe_0006_34718.jpg,51,50,051.Horned_Grebe,50,49,050.Eared_Grebe,0.97377056,0.015581079,0.95818948,51,True
2953,052.Pied_billed_Grebe/Pied_Billed_Grebe_0082_35356.jpg,52,51,052.Pied_billed_Grebe,34,33,034.Gray_crowned_Rosy_Finch,0.99875402,0.00031359421,0.99844043,52,True
2966,052.Pied_billed_Grebe/Pied_Billed_Grebe_0032_35931.jpg,52,51,052.Pied_billed_Grebe,50,49,050.Eared_Grebe,0.98381066,0.0028942148,0.98091645,52,True
2998,052.Pied_billed_Grebe/Pied_Billed_Grebe_0052_35937.jpg,52,51,052.Pied_billed_Grebe,155,154,155.Warbling_Vireo,0.99896657,0.00022709099,0.99873948,52,True
3016,053.Western_Grebe/Western_Grebe_0046_36118.jpg,53,52,053.Western_Grebe,86,85,086.Pacific_Loon,0.77970481,0.114766,0.66493881,53,True
3068,053.Western_Grebe/Western_Grebe_0007_36074.jpg,53,52,053.Western_Grebe,143,142,143.Caspian_Tern,0.94470894,0.012700535,0.93200841,53,True
3069,053.Western_Grebe/Western_Grebe_0061_36181.jpg,53,52,053.Western_Grebe,51,50,051.Horned_Grebe,0.9993363,0.00042432395,0.99891198,53,True
3092,054.Blue_Grosbeak/Blue_Grosbeak_0067_36965.jpg,54,53,054.Blue_Grosbeak,14,13,014.Indigo_Bunting,0.51637906,0.48123696,0.035142094,54,True
3114,054.Blue_Grosbeak/Blue_Grosbeak_0037_36794.jpg,54,53,054.Blue_Grosbeak,14,13,014.Indigo_Bunting,0.99723685,0.0022327662,0.99500408,54,True
3123,054.Blue_Grosbeak/Blue_Grosbeak_0065_36847.jpg,54,53,054.Blue_Grosbeak,14,13,014.Indigo_Bunting,0.97043747,0.020968636,0.94946883,54,True
3145,055.Evening_Grosbeak/Evening_Grosbeak_0133_37976.jpg,55,54,055.Evening_Grosbeak,168,167,168.Kentucky_Warbler,0.99847728,0.0001626546,0.99831463,55,True
3160,055.Evening_Grosbeak/Evening_Grosbeak_0041_37928.jpg,55,54,055.Evening_Grosbeak,96,95,096.Hooded_Oriole,0.37212735,0.3499175,0.022209853,55,True
3164,055.Evening_Grosbeak/Evening_Grosbeak_0069_37684.jpg,55,54,055.Evening_Grosbeak,133,132,133.White_throated_Sparrow,0.99775082,0.00064232247,0.9971085,55,True
3196,056.Pine_Grosbeak/Pine_Grosbeak_0104_38362.jpg,56,55,056.Pine_Grosbeak,17,16,017.Cardinal,0.99930608,0.00017169677,0.99913439,56,True
3205,056.Pine_Grosbeak/Pine_Grosbeak_0036_38968.jpg,56,55,056.Pine_Grosbeak,76,75,076.Dark_eyed_Junco,0.99722713,0.00035348785,0.99687364,56,True
3208,056.Pine_Grosbeak/Pine_Grosbeak_0068_38981.jpg,56,55,056.Pine_Grosbeak,17,16,017.Cardinal,0.9984231,0.0003722379,0.99805086,56,True
3271,057.Rose_breasted_Grosbeak/Rose_Breasted_Grosbeak_0012_39149.jpg,57,56,057.Rose_breasted_Grosbeak,192,191,192.Downy_Woodpecker,0.99520999,0.0019295398,0.99328045,57,True
3275,057.Rose_breasted_Grosbeak/Rose_Breasted_Grosbeak_0017_39161.jpg,57,56,057.Rose_breasted_Grosbeak,68,67,068.Ruby_throated_Hummingbird,0.72774792,0.083747327,0.64400059,57,True
3289,057.Rose_breasted_Grosbeak/Rose_Breasted_Grosbeak_0062_39234.jpg,57,56,057.Rose_breasted_Grosbeak,165,164,165.Chestnut_sided_Warbler,0.60405433,0.059960853,0.54409348,57,True
3310,058.Pigeon_Guillemot/Pigeon_Guillemot_0018_40195.jpg,58,57,058.Pigeon_Guillemot,65,64,065.Slaty_backed_Gull,0.97951895,0.0042706905,0.97524826,58,True
3363,058.Pigeon_Guillemot/Pigeon_Guillemot_0055_40171.jpg,58,57,058.Pigeon_Guillemot,144,143,144.Common_Tern,0.66086507,0.044840243,0.61602483,58,True
3365,058.Pigeon_Guillemot/Pigeon_Guillemot_0058_40184.jpg,58,57,058.Pigeon_Guillemot,84,83,084.Red_legged_Kittiwake,0.95269448,0.015908184,0.93678629,58,True
3371,059.California_Gull/California_Gull_0096_40978.jpg,59,58,059.California_Gull,62,61,062.Herring_Gull,0.27439138,0.18465373,0.089737654,59,True
3375,059.California_Gull/California_Gull_0111_41033.jpg,59,58,059.California_Gull,66,65,066.Western_Gull,0.89373994,0.091836192,0.80190375,59,True
3415,059.California_Gull/California_Gull_0074_41358.jpg,59,58,059.California_Gull,66,65,066.Western_Gull,0.069979347,0.37163633,-0.30165698,66,False
3431,060.Glaucous_winged_Gull/Glaucous_Winged_Gull_0078_44461.jpg,60,59,060.Glaucous_winged_Gull,59,58,059.California_Gull,0.013257246,0.71800399,-0.70474674,59,False
3435,060.Glaucous_winged_Gull/Glaucous_Winged_Gull_0023_45090.jpg,60,59,060.Glaucous_winged_Gull,62,61,062.Herring_Gull,0.012359945,0.342673,-0.33031306,62,False
3438,060.Glaucous_winged_Gull/Glaucous_Winged_Gull_0093_44724.jpg,60,59,060.Glaucous_winged_Gull,64,63,064.Ring_billed_Gull,0.38937429,0.36402225,0.025352031,60,True
3497,061.Heermann_Gull/Heermann_Gull_0128_45663.jpg,61,60,061.Heermann_Gull,64,63,064.Ring_billed_Gull,0.69314998,0.1803606,0.51278938,61,True
3542,061.Heermann_Gull/Heermann_Gull_0079_45468.jpg,61,60,061.Heermann_Gull,64,63,064.Ring_billed_Gull,0.56558436,0.081586152,0.48399821,61,True
3546,061.Heermann_Gull/Heermann_Gull_0131_45548.jpg,61,60,061.Heermann_Gull,66,65,066.Western_Gull,0.86716408,0.039084457,0.82807962,61,True
3555,062.Herring_Gull/Herring_Gull_0094_47172.jpg,62,61,062.Herring_Gull,64,63,064.Ring_billed_Gull,0.14491799,0.61295629,-0.46803829,64,False
3563,062.Herring_Gull/Herring_Gull_0129_46708.jpg,62,61,062.Herring_Gull,65,64,065.Slaty_backed_Gull,0.0090803625,0.61242527,-0.60334491,65,False
3605,062.Herring_Gull/Herring_Gull_0065_48098.jpg,62,61,062.Herring_Gull,59,58,059.California_Gull,0.10055193,0.26340732,-0.16285539,59,False
3621,063.Ivory_Gull/Ivory_Gull_0089_49699.jpg,63,62,063.Ivory_Gull,60,59,060.Glaucous_winged_Gull,0.77317274,0.046326209,0.72684653,63,True
3630,063.Ivory_Gull/Ivory_Gull_0117_49227.jpg,63,62,063.Ivory_Gull,143,142,143.Caspian_Tern,0.99333751,0.0021605436,0.99117697,63,True
3657,063.Ivory_Gull/Ivory_Gull_0027_48974.jpg,63,62,063.Ivory_Gull,143,142,143.Caspian_Tern,0.84802431,0.043508548,0.80451576,63,True
3690,064.Ring_billed_Gull/Ring_Billed_Gull_0118_51322.jpg,64,63,064.Ring_billed_Gull,62,61,062.Herring_Gull,0.99256057,0.0037146374,0.98884593,64,True
3701,064.Ring_billed_Gull/Ring_Billed_Gull_0017_51412.jpg,64,63,064.Ring_billed_Gull,62,61,062.Herring_Gull,0.2054818,0.30578303,-0.10030124,62,False
3706,064.Ring_billed_Gull/Ring_Billed_Gull_0028_51454.jpg,64,63,064.Ring_billed_Gull,62,61,062.Herring_Gull,0.61216772,0.11565602,0.4965117,64,True
3746,065.Slaty_backed_Gull/Slaty_Backed_Gull_0033_796023.jpg,65,64,065.Slaty_backed_Gull,84,83,084.Red_legged_Kittiwake,0.45031628,0.22413461,0.22618167,65,True
3761,065.Slaty_backed_Gull/Slaty_Backed_Gull_0032_796046.jpg,65,64,065.Slaty_backed_Gull,45,44,045.Northern_Fulmar,0.470388,0.28819492,0.18219307,65,True
3774,065.Slaty_backed_Gull/Slaty_Backed_Gull_0002_53238.jpg,65,64,065.Slaty_backed_Gull,66,65,066.Western_Gull,0.87745112,0.11827715,0.75917397,65,True
3787,066.Western_Gull/Western_Gull_0131_53349.jpg,66,65,066.Western_Gull,65,64,065.Slaty_backed_Gull,0.029045789,0.81288052,-0.78383473,65,False
3799,066.Western_Gull/Western_Gull_0080_53445.jpg,66,65,066.Western_Gull,62,61,062.Herring_Gull,0.99464017,0.0036961634,0.99094401,66,True
3819,066.Western_Gull/Western_Gull_0094_55156.jpg,66,65,066.Western_Gull,62,61,062.Herring_Gull,0.96918106,0.011583803,0.95759726,66,True
3866,067.Anna_Hummingbird/Anna_Hummingbird_0127_56520.jpg,67,66,067.Anna_Hummingbird,35,34,035.Purple_Finch,0.9927845,0.0035124966,0.989272,67,True
3867,067.Anna_Hummingbird/Anna_Hummingbird_0038_57036.jpg,67,66,067.Anna_Hummingbird,68,67,068.Ruby_throated_Hummingbird,0.15747631,0.78199673,-0.62452042,68,False
3891,067.Anna_Hummingbird/Anna_Hummingbird_0118_55773.jpg,67,66,067.Anna_Hummingbird,69,68,069.Rufous_Hummingbird,0.09971334,0.6211729,-0.52145956,69,False
3928,068.Ruby_throated_Hummingbird/Ruby_Throated_Hummingbird_0079_58075.jpg,68,67,068.Ruby_throated_Hummingbird,79,78,079.Belted_Kingfisher,0.011501491,0.23101611,-0.21951462,79,False
3930,068.Ruby_throated_Hummingbird/Ruby_Throated_Hummingbird_0119_57575.jpg,68,67,068.Ruby_throated_Hummingbird,69,68,069.Rufous_Hummingbird,0.59502572,0.18989959,0.40512612,68,True
3949,068.Ruby_throated_Hummingbird/Ruby_Throated_Hummingbird_0055_57781.jpg,68,67,068.Ruby_throated_Hummingbird,69,68,069.Rufous_Hummingbird,0.86900997,0.041990608,0.82701936,68,True
3979,069.Rufous_Hummingbird/Rufous_Hummingbird_0060_58986.jpg,69,68,069.Rufous_Hummingbird,178,177,178.Swainson_Warbler,0.71501648,0.051848605,0.66316788,69,True
3990,069.Rufous_Hummingbird/Rufous_Hummingbird_0064_58509.jpg,69,68,069.Rufous_Hummingbird,68,67,068.Ruby_throated_Hummingbird,0.67708707,0.10658853,0.57049854,69,True
4006,069.Rufous_Hummingbird/Rufous_Hummingbird_0113_59444.jpg,69,68,069.Rufous_Hummingbird,137,136,137.Cliff_Swallow,0.66568518,0.069958918,0.59572626,69,True
4027,070.Green_Violetear/Green_Violetear_0013_795684.jpg,70,69,070.Green_Violetear,68,67,068.Ruby_throated_Hummingbird,0.019877691,0.3525598,-0.33268211,68,False
4032,070.Green_Violetear/Green_Violetear_0089_795698.jpg,70,69,070.Green_Violetear,18,17,018.Spotted_Catbird,0.99848038,0.00057840289,0.99790198,70,True
4061,070.Green_Violetear/Green_Violetear_0027_60841.jpg,70,69,070.Green_Violetear,18,17,018.Spotted_Catbird,0.99862099,0.00078487303,0.99783611,70,True
4112,071.Long_tailed_Jaeger/Long_Tailed_Jaeger_0054_797088.jpg,71,70,071.Long_tailed_Jaeger,61,60,061.Heermann_Gull,0.019381909,0.096573792,-0.077191884,61,False
4127,071.Long_tailed_Jaeger/Long_Tailed_Jaeger_0062_797104.jpg,71,70,071.Long_tailed_Jaeger,44,43,044.Frigatebird,0.63512957,0.10584788,0.52928169,71,True
4129,071.Long_tailed_Jaeger/Long_Tailed_Jaeger_0060_60886.jpg,71,70,071.Long_tailed_Jaeger,72,71,072.Pomarine_Jaeger,0.45646387,0.40132156,0.055142313,71,True
4167,072.Pomarine_Jaeger/Pomarine_Jaeger_0006_795775.jpg,72,71,072.Pomarine_Jaeger,8,7,008.Rhinoceros_Auklet,0.39652753,0.13470884,0.26181869,72,True
4183,072.Pomarine_Jaeger/Pomarine_Jaeger_0039_61348.jpg,72,71,072.Pomarine_Jaeger,30,29,030.Fish_Crow,0.91789699,0.029269807,0.88862718,72,True
4184,072.Pomarine_Jaeger/Pomarine_Jaeger_0075_61349.jpg,72,71,072.Pomarine_Jaeger,44,43,044.Frigatebird,0.9652161,0.012128512,0.95308759,72,True
4209,073.Blue_Jay/Blue_Jay_0066_61490.jpg,73,72,073.Blue_Jay,74,73,074.Florida_Jay,0.99421543,0.0037097298,0.9905057,73,True
4238,073.Blue_Jay/Blue_Jay_0061_63645.jpg,73,72,073.Blue_Jay,164,163,164.Cerulean_Warbler,0.91990012,0.049589716,0.8703104,73,True
4254,073.Blue_Jay/Blue_Jay_0086_63394.jpg,73,72,073.Blue_Jay,74,73,074.Florida_Jay,0.99635941,0.001098302,0.99526111,73,True
4267,074.Florida_Jay/Florida_Jay_0039_64576.jpg,74,73,074.Florida_Jay,107,106,107.Common_Raven,0.99122006,0.0017693045,0.98945075,74,True
4275,074.Florida_Jay/Florida_Jay_0029_65114.jpg,74,73,074.Florida_Jay,111,110,111.Loggerhead_Shrike,0.014521719,0.26868358,-0.25416186,111,False
4289,074.Florida_Jay/Florida_Jay_0092_64924.jpg,74,73,074.Florida_Jay,72,71,072.Pomarine_Jaeger,0.00076869607,0.47424361,-0.47347492,72,False
4332,075.Green_Jay/Green_Jay_0075_65701.jpg,75,74,075.Green_Jay,168,167,168.Kentucky_Warbler,0.94347757,0.014479352,0.92899822,75,True
4356,075.Green_Jay/Green_Jay_0086_65847.jpg,75,74,075.Green_Jay,73,72,073.Blue_Jay,0.97632128,0.0050268187,0.97129446,75,True
4363,075.Green_Jay/Green_Jay_0095_65881.jpg,75,74,075.Green_Jay,168,167,168.Kentucky_Warbler,0.85908949,0.034789544,0.82429995,75,True
4392,076.Dark_eyed_Junco/Dark_Eyed_Junco_0013_66332.jpg,76,75,076.Dark_eyed_Junco,26,25,026.Bronzed_Cowbird,0.77548188,0.091320239,0.68416164,76,True
4422,076.Dark_eyed_Junco/Dark_Eyed_Junco_0089_68498.jpg,76,75,076.Dark_eyed_Junco,39,38,039.Least_Flycatcher,0.96021187,0.006706953,0.95350492,76,True
4426,076.Dark_eyed_Junco/Dark_Eyed_Junco_0096_68514.jpg,76,75,076.Dark_eyed_Junco,79,78,079.Belted_Kingfisher,0.34523976,0.22473752,0.12050223,76,True
4439,077.Tropical_Kingbird/Tropical_Kingbird_0102_69654.jpg,77,76,077.Tropical_Kingbird,103,102,103.Sayornis,0.44444728,0.13994125,0.30450603,77,True
4449,077.Tropical_Kingbird/Tropical_Kingbird_0060_69942.jpg,77,76,077.Tropical_Kingbird,38,37,038.Great_Crested_Flycatcher,0.99434125,0.001903294,0.99243796,77,True
4485,077.Tropical_Kingbird/Tropical_Kingbird_0003_69852.jpg,77,76,077.Tropical_Kingbird,38,37,038.Great_Crested_Flycatcher,0.99580342,0.002328523,0.99347489,77,True
4520,078.Gray_Kingbird/Gray_Kingbird_0063_70287.jpg,78,77,078.Gray_Kingbird,135,134,135.Bank_Swallow,0.060027625,0.24384986,-0.18382223,135,False
4526,078.Gray_Kingbird/Gray_Kingbird_0059_795030.jpg,78,77,078.Gray_Kingbird,103,102,103.Sayornis,0.49489728,0.2686305,0.22626677,78,True
4531,078.Gray_Kingbird/Gray_Kingbird_0037_70050.jpg,78,77,078.Gray_Kingbird,112,111,112.Great_Grey_Shrike,0.951195,0.012614856,0.93858015,78,True
4599,079.Belted_Kingfisher/Belted_Kingfisher_0061_70363.jpg,79,78,079.Belted_Kingfisher,80,79,080.Green_Kingfisher,0.063436948,0.78139967,-0.71796272,80,False
4604,079.Belted_Kingfisher/Belted_Kingfisher_0111_70375.jpg,79,78,079.Belted_Kingfisher,32,31,032.Mangrove_Cuckoo,0.086474553,0.16011138,-0.07363683,32,False
4612,079.Belted_Kingfisher/Belted_Kingfisher_0084_70399.jpg,79,78,079.Belted_Kingfisher,82,81,082.Ringed_Kingfisher,0.84471262,0.12056711,0.7241455,79,True
4617,080.Green_Kingfisher/Green_Kingfisher_0010_71191.jpg,80,79,080.Green_Kingfisher,82,81,082.Ringed_Kingfisher,0.30501655,0.26893592,0.036080629,80,True
4639,080.Green_Kingfisher/Green_Kingfisher_0042_71028.jpg,80,79,080.Green_Kingfisher,67,66,067.Anna_Hummingbird,0.88609791,0.043710254,0.84238765,80,True
4661,080.Green_Kingfisher/Green_Kingfisher_0059_71119.jpg,80,79,080.Green_Kingfisher,82,81,082.Ringed_Kingfisher,0.97755879,0.010387943,0.96717085,80,True
4683,081.Pied_Kingfisher/Pied_Kingfisher_0016_72280.jpg,81,80,081.Pied_Kingfisher,80,79,080.Green_Kingfisher,0.99204987,0.001138952,0.99091092,81,True
4699,081.Pied_Kingfisher/Pied_Kingfisher_0106_71404.jpg,81,80,081.Pied_Kingfisher,79,78,079.Belted_Kingfisher,0.96791875,0.012554459,0.95536429,81,True
4716,081.Pied_Kingfisher/Pied_Kingfisher_0071_72576.jpg,81,80,081.Pied_Kingfisher,79,78,079.Belted_Kingfisher,0.90419817,0.017131608,0.88706656,81,True
4768,082.Ringed_Kingfisher/Ringed_Kingfisher_0026_72867.jpg,82,81,082.Ringed_Kingfisher,80,79,080.Green_Kingfisher,0.97979593,0.0095443595,0.97025157,82,True
4770,082.Ringed_Kingfisher/Ringed_Kingfisher_0077_72872.jpg,82,81,082.Ringed_Kingfisher,79,78,079.Belted_Kingfisher,0.70268857,0.24488202,0.45780656,82,True
4776,082.Ringed_Kingfisher/Ringed_Kingfisher_0017_73145.jpg,82,81,082.Ringed_Kingfisher,80,79,080.Green_Kingfisher,0.044467617,0.93613631,-0.89166869,80,False
4840,083.White_breasted_Kingfisher/White_Breasted_Kingfisher_0074_73408.jpg,83,82,083.White_breasted_Kingfisher,33,32,033.Yellow_billed_Cuckoo,0.96318388,0.011474451,0.95170943,83,True
4845,083.White_breasted_Kingfisher/White_Breasted_Kingfisher_0018_71137.jpg,83,82,083.White_breasted_Kingfisher,16,15,016.Painted_Bunting,0.99313474,0.00099807663,0.99213666,83,True
4848,083.White_breasted_Kingfisher/White_Breasted_Kingfisher_0118_73511.jpg,83,82,083.White_breasted_Kingfisher,82,81,082.Ringed_Kingfisher,0.72432435,0.039984863,0.68433948,83,True
4853,084.Red_legged_Kittiwake/Red_Legged_Kittiwake_0001_795394.jpg,84,83,084.Red_legged_Kittiwake,63,62,063.Ivory_Gull,0.77854604,0.1264009,0.65214513,84,True
4858,084.Red_legged_Kittiwake/Red_Legged_Kittiwake_0032_795399.jpg,84,83,084.Red_legged_Kittiwake,45,44,045.Northern_Fulmar,0.99849319,0.00052531273,0.99796788,84,True
4894,084.Red_legged_Kittiwake/Red_Legged_Kittiwake_0021_73808.jpg,84,83,084.Red_legged_Kittiwake,45,44,045.Northern_Fulmar,0.3972216,0.59274048,-0.19551888,45,False
4929,085.Horned_Lark/Horned_Lark_0028_74408.jpg,85,84,085.Horned_Lark,118,117,118.House_Sparrow,0.97483248,0.0062916386,0.96854084,85,True
4937,085.Horned_Lark/Horned_Lark_0046_73950.jpg,85,84,085.Horned_Lark,132,131,132.White_crowned_Sparrow,0.99798405,0.0018603393,0.99612371,85,True
4952,085.Horned_Lark/Horned_Lark_0138_74083.jpg,85,84,085.Horned_Lark,151,150,151.Black_capped_Vireo,0.97447973,0.0052852426,0.96919449,85,True
4994,086.Pacific_Loon/Pacific_Loon_0063_75865.jpg,86,85,086.Pacific_Loon,53,52,053.Western_Grebe,0.97957623,0.0032962612,0.97627997,86,True
5003,086.Pacific_Loon/Pacific_Loon_0019_75422.jpg,86,85,086.Pacific_Loon,1,0,001.Black_footed_Albatross,0.55466896,0.17496017,0.3797088,86,True
5018,086.Pacific_Loon/Pacific_Loon_0023_75476.jpg,86,85,086.Pacific_Loon,52,51,052.Pied_billed_Grebe,0.98533314,0.0053120148,0.98002113,86,True
5035,087.Mallard/Mallard_0061_76378.jpg,87,86,087.Mallard,86,85,086.Pacific_Loon,0.99339664,0.0018508532,0.99154579,87,True
5043,087.Mallard/Mallard_0071_76940.jpg,87,86,087.Mallard,66,65,066.Western_Gull,0.97308201,0.0055560167,0.96752599,87,True
5050,087.Mallard/Mallard_0053_75985.jpg,87,86,087.Mallard,134,133,134.Cape_Glossy_Starling,0.46782774,0.035109155,0.43271858,87,True
5096,088.Western_Meadowlark/Western_Meadowlark_0050_77864.jpg,88,87,088.Western_Meadowlark,163,162,163.Cape_May_Warbler,0.99055183,0.0016981465,0.98885368,88,True
5099,088.Western_Meadowlark/Western_Meadowlark_0098_78382.jpg,88,87,088.Western_Meadowlark,36,35,036.Northern_Flicker,0.91564304,0.035339508,0.88030353,88,True
5144,088.Western_Meadowlark/Western_Meadowlark_0069_78587.jpg,88,87,088.Western_Meadowlark,122,121,122.Harris_Sparrow,0.023239775,0.4828763,-0.45963653,122,False
5158,089.Hooded_Merganser/Hooded_Merganser_0089_796740.jpg,89,88,089.Hooded_Merganser,90,89,090.Red_breasted_Merganser,0.99966574,3.8616443e-05,0.99962712,89,True
5159,089.Hooded_Merganser/Hooded_Merganser_0057_796742.jpg,89,88,089.Hooded_Merganser,106,105,106.Horned_Puffin,0.99942172,0.00017487565,0.99924684,89,True
5196,089.Hooded_Merganser/Hooded_Merganser_0032_79032.jpg,89,88,089.Hooded_Merganser,46,45,046.Gadwall,0.99961948,8.6778389e-05,0.99953271,89,True
5206,090.Red_breasted_Merganser/Red_Breasted_Merganser_0080_79488.jpg,90,89,090.Red_breasted_Merganser,51,50,051.Horned_Grebe,0.49846473,0.200233,0.29823174,90,True
5211,090.Red_breasted_Merganser/Red_Breasted_Merganser_0081_79396.jpg,90,89,090.Red_breasted_Merganser,25,24,025.Pelagic_Cormorant,0.9990043,0.00011886559,0.99888544,90,True
5235,090.Red_breasted_Merganser/Red_Breasted_Merganser_0016_79476.jpg,90,89,090.Red_breasted_Merganser,50,49,050.Eared_Grebe,0.98643386,0.0045554093,0.98187845,90,True
5267,091.Mockingbird/Mockingbird_0096_79878.jpg,91,90,091.Mockingbird,102,101,102.Western_Wood_Pewee,0.82533437,0.053560115,0.77177425,91,True
5285,091.Mockingbird/Mockingbird_0056_81986.jpg,91,90,091.Mockingbird,76,75,076.Dark_eyed_Junco,0.70364857,0.09332598,0.61032259,91,True
5287,091.Mockingbird/Mockingbird_0008_81226.jpg,91,90,091.Mockingbird,45,44,045.Northern_Fulmar,0.026983624,0.54307407,-0.51609045,45,False
5342,092.Nighthawk/Nighthawk_0073_83540.jpg,92,91,092.Nighthawk,194,193,194.Cactus_Wren,0.99613094,0.0016336396,0.9944973,92,True
5357,092.Nighthawk/Nighthawk_0034_82578.jpg,92,91,092.Nighthawk,105,104,105.Whip_poor_Will,0.064841278,0.93088502,-0.86604374,105,False
5359,092.Nighthawk/Nighthawk_0068_82368.jpg,92,91,092.Nighthawk,194,193,194.Cactus_Wren,0.94309759,0.024935385,0.91816221,92,True
5394,093.Clark_Nutcracker/Clark_Nutcracker_0098_85105.jpg,93,92,093.Clark_Nutcracker,59,58,059.California_Gull,0.96806496,0.0030814882,0.96498348,93,True
5405,093.Clark_Nutcracker/Clark_Nutcracker_0011_85698.jpg,93,92,093.Clark_Nutcracker,19,18,019.Gray_Catbird,0.99382621,0.0053742388,0.98845197,93,True
5432,093.Clark_Nutcracker/Clark_Nutcracker_0066_85390.jpg,93,92,093.Clark_Nutcracker,193,192,193.Bewick_Wren,0.0035120035,0.2777932,-0.2742812,193,False
5450,094.White_breasted_Nuthatch/White_Breasted_Nuthatch_0068_86033.jpg,94,93,094.White_breasted_Nuthatch,112,111,112.Great_Grey_Shrike,0.99290317,0.0024366681,0.9904665,94,True
5465,094.White_breasted_Nuthatch/White_Breasted_Nuthatch_0094_86156.jpg,94,93,094.White_breasted_Nuthatch,159,158,159.Black_and_white_Warbler,0.96320069,0.01182359,0.9513771,94,True
5492,094.White_breasted_Nuthatch/White_Breasted_Nuthatch_0131_86416.jpg,94,93,094.White_breasted_Nuthatch,160,159,160.Black_throated_Blue_Warbler,0.99559826,0.00079673872,0.99480152,94,True
5511,095.Baltimore_Oriole/Baltimore_Oriole_0020_87066.jpg,95,94,095.Baltimore_Oriole,96,95,096.Hooded_Oriole,0.55687135,0.1543991,0.40247226,95,True
5522,095.Baltimore_Oriole/Baltimore_Oriole_0045_88178.jpg,95,94,095.Baltimore_Oriole,20,19,020.Yellow_breasted_Chat,0.99880743,0.00044815507,0.99835928,95,True
5560,095.Baltimore_Oriole/Baltimore_Oriole_0064_89554.jpg,95,94,095.Baltimore_Oriole,96,95,096.Hooded_Oriole,0.99845612,0.0014010052,0.99705512,95,True
5581,096.Hooded_Oriole/Hooded_Oriole_0091_90821.jpg,96,95,096.Hooded_Oriole,139,138,139.Scarlet_Tanager,0.11421565,0.74188131,-0.62766566,139,False
5609,096.Hooded_Oriole/Hooded_Oriole_0079_89978.jpg,96,95,096.Hooded_Oriole,12,11,012.Yellow_headed_Blackbird,0.95789516,0.0076035652,0.95029159,96,True
5621,096.Hooded_Oriole/Hooded_Oriole_0075_90788.jpg,96,95,096.Hooded_Oriole,97,96,097.Orchard_Oriole,0.98148453,0.0072006565,0.97428388,96,True
5635,097.Orchard_Oriole/Orchard_Oriole_0080_91417.jpg,97,96,097.Orchard_Oriole,54,53,054.Blue_Grosbeak,0.68983173,0.065826342,0.62400539,97,True
5637,097.Orchard_Oriole/Orchard_Oriole_0005_91682.jpg,97,96,097.Orchard_Oriole,95,94,095.Baltimore_Oriole,0.85545439,0.054460466,0.80099392,97,True
5646,097.Orchard_Oriole/Orchard_Oriole_0006_91724.jpg,97,96,097.Orchard_Oriole,1,0,001.Black_footed_Albatross,0.46915469,0.44244534,0.026709348,97,True
5691,098.Scott_Oriole/Scott_Oriole_0003_92247.jpg,98,97,098.Scott_Oriole,55,54,055.Evening_Grosbeak,0.94862258,0.0085487971,0.94007379,98,True
5699,098.Scott_Oriole/Scott_Oriole_0068_795804.jpg,98,97,098.Scott_Oriole,95,94,095.Baltimore_Oriole,0.83688426,0.10968544,0.72719882,98,True
5721,098.Scott_Oriole/Scott_Oriole_0077_795831.jpg,98,97,098.Scott_Oriole,174,173,174.Palm_Warbler,0.041116573,0.21279624,-0.17167967,174,False
5772,099.Ovenbird/Ovenbird_0010_92957.jpg,99,98,099.Ovenbird,149,148,149.Brown_Thrasher,0.95883769,0.0161504,0.94268729,99,True
5796,099.Ovenbird/Ovenbird_0054_92594.jpg,99,98,099.Ovenbird,37,36,037.Acadian_Flycatcher,0.92930019,0.034877799,0.89442239,99,True
5800,099.Ovenbird/Ovenbird_0096_93131.jpg,99,98,099.Ovenbird,183,182,183.Northern_Waterthrush,0.9213084,0.015142995,0.9061654,99,True
5845,100.Brown_Pelican/Brown_Pelican_0071_94549.jpg,100,99,100.Brown_Pelican,101,100,101.White_Pelican,0.93575507,0.029002808,0.90675227,100,True
5852,100.Brown_Pelican/Brown_Pelican_0007_94078.jpg,100,99,100.Brown_Pelican,53,52,053.Western_Grebe,0.97400236,0.017376488,0.95662587,100,True
5857,100.Brown_Pelican/Brown_Pelican_0011_94683.jpg,100,99,100.Brown_Pelican,23,22,023.Brandt_Cormorant,0.9629668,0.014236885,0.94872991,100,True
5874,101.White_Pelican/White_Pelican_0035_96312.jpg,101,100,101.White_Pelican,59,58,059.California_Gull,0.99928445,0.00014061948,0.99914383,101,True
5875,101.White_Pelican/White_Pelican_0009_97340.jpg,101,100,101.White_Pelican,106,105,106.Horned_Puffin,0.88482422,0.035865638,0.84895858,101,True
5910,101.White_Pelican/White_Pelican_0047_97190.jpg,101,100,101.White_Pelican,100,99,100.Brown_Pelican,0.99945313,0.00029835454,0.99915477,101,True
5922,102.Western_Wood_Pewee/Western_Wood_Pewee_0046_98113.jpg,102,101,102.Western_Wood_Pewee,39,38,039.Least_Flycatcher,0.47684476,0.20435993,0.27248482,102,True
5946,102.Western_Wood_Pewee/Western_Wood_Pewee_0041_795048.jpg,102,101,102.Western_Wood_Pewee,40,39,040.Olive_sided_Flycatcher,0.30866033,0.58934504,-0.28068471,40,False
5957,102.Western_Wood_Pewee/Western_Wood_Pewee_0039_795063.jpg,102,101,102.Western_Wood_Pewee,91,90,091.Mockingbird,0.091991611,0.75444484,-0.66245323,91,False
5979,103.Sayornis/Sayornis_0086_98829.jpg,103,102,103.Sayornis,19,18,019.Gray_Catbird,0.59897113,0.053416904,0.54555422,103,True
5997,103.Sayornis/Sayornis_0098_98419.jpg,103,102,103.Sayornis,76,75,076.Dark_eyed_Junco,0.032478958,0.35551548,-0.32303652,76,False
6000,103.Sayornis/Sayornis_0076_98941.jpg,103,102,103.Sayornis,19,18,019.Gray_Catbird,0.62655878,0.088961676,0.5375971,103,True
6037,104.American_Pipit/American_Pipit_0074_100154.jpg,104,103,104.American_Pipit,131,130,131.Vesper_Sparrow,0.97828251,0.0054385914,0.97284392,104,True
6068,104.American_Pipit/American_Pipit_0095_99959.jpg,104,103,104.American_Pipit,122,121,122.Harris_Sparrow,0.81458044,0.018267671,0.79631277,104,True
6081,104.American_Pipit/American_Pipit_0062_100000.jpg,104,103,104.American_Pipit,150,149,150.Sage_Thrasher,0.90298033,0.052085761,0.85089457,104,True
6111,105.Whip_poor_Will/Whip_Poor_Will_0006_22800.jpg,105,104,105.Whip_poor_Will,92,91,092.Nighthawk,0.021055024,0.86324131,-0.84218629,92,False
6135,105.Whip_poor_Will/Whip_Poor_Will_0044_796407.jpg,105,104,105.Whip_poor_Will,22,21,022.Chuck_will_Widow,0.6957919,0.26810911,0.42768279,105,True
6137,105.Whip_poor_Will/Whip_Poor_Will_0003_796409.jpg,105,104,105.Whip_poor_Will,22,21,022.Chuck_will_Widow,0.90233839,0.08155556,0.82078283,105,True
6151,106.Horned_Puffin/Horned_Puffin_0029_100888.jpg,106,105,106.Horned_Puffin,89,88,089.Hooded_Merganser,0.8379724,0.098497406,0.739475,106,True
6166,106.Horned_Puffin/Horned_Puffin_0082_100876.jpg,106,105,106.Horned_Puffin,89,88,089.Hooded_Merganser,0.8133232,0.052362561,0.76096064,106,True
6182,106.Horned_Puffin/Horned_Puffin_0067_100737.jpg,106,105,106.Horned_Puffin,84,83,084.Red_legged_Kittiwake,0.99548078,0.0028571624,0.99262361,106,True
6208,107.Common_Raven/Common_Raven_0010_101390.jpg,107,106,107.Common_Raven,30,29,030.Fish_Crow,0.087404542,0.62504184,-0.5376373,30,False
6240,107.Common_Raven/Common_Raven_0079_101100.jpg,107,106,107.Common_Raven,30,29,030.Fish_Crow,0.023060827,0.88725752,-0.86419669,30,False
6248,107.Common_Raven/Common_Raven_0068_101216.jpg,107,106,107.Common_Raven,108,107,108.White_necked_Raven,0.79024237,0.12223334,0.66800904,107,True
6277,108.White_necked_Raven/White_Necked_Raven_0018_102746.jpg,108,107,108.White_necked_Raven,107,106,107.Common_Raven,0.16868117,0.79051781,-0.62183663,107,False
6283,108.White_necked_Raven/White_Necked_Raven_0025_797346.jpg,108,107,108.White_necked_Raven,106,105,106.Horned_Puffin,0.96350259,0.0071789562,0.95632363,108,True
6291,108.White_necked_Raven/White_Necked_Raven_0042_797356.jpg,108,107,108.White_necked_Raven,107,106,107.Common_Raven,0.81906092,0.1316662,0.68739472,108,True
6326,109.American_Redstart/American_Redstart_0111_102945.jpg,109,108,109.American_Redstart,21,20,021.Eastern_Towhee,0.99976617,0.00010689683,0.99965927,109,True
6330,109.American_Redstart/American_Redstart_0128_102983.jpg,109,108,109.American_Redstart,21,20,021.Eastern_Towhee,0.88213676,0.014855877,0.86728088,109,True
6381,109.American_Redstart/American_Redstart_0031_102890.jpg,109,108,109.American_Redstart,166,165,166.Golden_winged_Warbler,0.98716742,0.0044595823,0.98270784,109,True
6388,110.Geococcyx/Geococcyx_0107_104534.jpg,110,109,110.Geococcyx,65,64,065.Slaty_backed_Gull,0.98651332,0.0017405961,0.98477272,110,True
6394,110.Geococcyx/Geococcyx_0091_104301.jpg,110,109,110.Geococcyx,150,149,150.Sage_Thrasher,0.98933637,0.0016269785,0.98770939,110,True
6416,110.Geococcyx/Geococcyx_0106_104216.jpg,110,109,110.Geococcyx,194,193,194.Cactus_Wren,0.99907434,0.00045366952,0.99862067,110,True
6465,111.Loggerhead_Shrike/Loggerhead_Shrike_0119_105138.jpg,111,110,111.Loggerhead_Shrike,112,111,112.Great_Grey_Shrike,0.27592519,0.34566057,-0.069735378,112,False
6478,111.Loggerhead_Shrike/Loggerhead_Shrike_0128_105238.jpg,111,110,111.Loggerhead_Shrike,78,77,078.Gray_Kingbird,0.058104236,0.85675865,-0.79865442,78,False
6481,111.Loggerhead_Shrike/Loggerhead_Shrike_0018_26407.jpg,111,110,111.Loggerhead_Shrike,112,111,112.Great_Grey_Shrike,0.9452576,0.027723471,0.91753413,111,True
6513,112.Great_Grey_Shrike/Great_Grey_Shrike_0032_797021.jpg,112,111,112.Great_Grey_Shrike,111,110,111.Loggerhead_Shrike,0.90714204,0.088630177,0.81851187,112,True
6529,112.Great_Grey_Shrike/Great_Grey_Shrike_0089_797036.jpg,112,111,112.Great_Grey_Shrike,91,90,091.Mockingbird,0.091250226,0.46744949,-0.37619926,91,False
6533,112.Great_Grey_Shrike/Great_Grey_Shrike_0063_797042.jpg,112,111,112.Great_Grey_Shrike,93,92,093.Clark_Nutcracker,0.80897677,0.14256664,0.66641013,112,True
6566,113.Baird_Sparrow/Baird_Sparrow_0008_106929.jpg,113,112,113.Baird_Sparrow,123,122,123.Henslow_Sparrow,0.025217779,0.36185914,-0.33664136,123,False
6587,113.Baird_Sparrow/Baird_Sparrow_0045_794571.jpg,113,112,113.Baird_Sparrow,115,114,115.Brewer_Sparrow,0.97833395,0.014071452,0.9642625,113,True
6612,113.Baird_Sparrow/Baird_Sparrow_0049_787324.jpg,113,112,113.Baird_Sparrow,115,114,115.Brewer_Sparrow,0.99029845,0.0035928022,0.98670565,113,True
6623,114.Black_throated_Sparrow/Black_Throated_Sparrow_0033_107042.jpg,114,113,114.Black_throated_Sparrow,85,84,085.Horned_Lark,0.99858874,0.00090392248,0.99768482,114,True
6638,114.Black_throated_Sparrow/Black_Throated_Sparrow_0011_107115.jpg,114,113,114.Black_throated_Sparrow,135,134,135.Bank_Swallow,0.9551385,0.013234904,0.9419036,114,True
6663,114.Black_throated_Sparrow/Black_Throated_Sparrow_0066_106974.jpg,114,113,114.Black_throated_Sparrow,85,84,085.Horned_Lark,0.98033589,0.013853162,0.96648273,114,True
6675,115.Brewer_Sparrow/Brewer_Sparrow_0046_796696.jpg,115,114,115.Brewer_Sparrow,117,116,117.Clay_colored_Sparrow,0.38660082,0.57521611,-0.18861529,117,False
6685,115.Brewer_Sparrow/Brewer_Sparrow_0069_796709.jpg,115,114,115.Brewer_Sparrow,131,130,131.Vesper_Sparrow,0.0059715775,0.78545499,-0.77948341,131,False
6726,115.Brewer_Sparrow/Brewer_Sparrow_0023_107489.jpg,115,114,115.Brewer_Sparrow,121,120,121.Grasshopper_Sparrow,0.31573203,0.43747142,-0.12173939,121,False
6757,116.Chipping_Sparrow/Chipping_Sparrow_0079_110449.jpg,116,115,116.Chipping_Sparrow,119,118,119.Field_Sparrow,0.45621005,0.31557268,0.14063737,116,True
6768,116.Chipping_Sparrow/Chipping_Sparrow_0037_109851.jpg,116,115,116.Chipping_Sparrow,130,129,130.Tree_Sparrow,0.79603064,0.1786734,0.61735724,116,True
6776,116.Chipping_Sparrow/Chipping_Sparrow_0010_109760.jpg,116,115,116.Chipping_Sparrow,174,173,174.Palm_Warbler,0.010260709,0.44575542,-0.43549471,174,False
6794,117.Clay_colored_Sparrow/Clay_Colored_Sparrow_0002_110606.jpg,117,116,117.Clay_colored_Sparrow,119,118,119.Field_Sparrow,0.72626656,0.075306796,0.65095977,117,True
6810,117.Clay_colored_Sparrow/Clay_Colored_Sparrow_0064_110664.jpg,117,116,117.Clay_colored_Sparrow,115,114,115.Brewer_Sparrow,0.78727978,0.17243202,0.61484776,117,True
6845,117.Clay_colored_Sparrow/Clay_Colored_Sparrow_0066_110819.jpg,117,116,117.Clay_colored_Sparrow,116,115,116.Chipping_Sparrow,0.16092002,0.63190925,-0.47098923,116,False
6861,118.House_Sparrow/House_Sparrow_0006_111034.jpg,118,117,118.House_Sparrow,130,129,130.Tree_Sparrow,0.033071723,0.93995345,-0.90688172,130,False
6880,118.House_Sparrow/House_Sparrow_0055_111393.jpg,118,117,118.House_Sparrow,193,192,193.Bewick_Wren,0.038549554,0.68024802,-0.64169847,193,False
6891,118.House_Sparrow/House_Sparrow_0093_110990.jpg,118,117,118.House_Sparrow,76,75,076.Dark_eyed_Junco,0.27497321,0.24268338,0.032289833,118,True
6935,119.Field_Sparrow/Field_Sparrow_0102_113595.jpg,119,118,119.Field_Sparrow,118,117,118.House_Sparrow,0.054005831,0.22302388,-0.16901805,118,False
6956,119.Field_Sparrow/Field_Sparrow_0013_113599.jpg,119,118,119.Field_Sparrow,117,116,117.Clay_colored_Sparrow,0.99936551,0.00022768596,0.99913782,119,True
6959,119.Field_Sparrow/Field_Sparrow_0027_113353.jpg,119,118,119.Field_Sparrow,117,116,117.Clay_colored_Sparrow,0.8715083,0.052652437,0.81885586,119,True
6988,120.Fox_Sparrow/Fox_Sparrow_0116_115311.jpg,120,119,120.Fox_Sparrow,125,124,125.Lincoln_Sparrow,0.98963684,0.0019345045,0.98770233,120,True
7001,120.Fox_Sparrow/Fox_Sparrow_0113_114389.jpg,120,119,120.Fox_Sparrow,34,33,034.Gray_crowned_Rosy_Finch,0.9938007,0.0017628578,0.99203784,120,True
7022,120.Fox_Sparrow/Fox_Sparrow_0036_115581.jpg,120,119,120.Fox_Sparrow,34,33,034.Gray_crowned_Rosy_Finch,0.14157866,0.36531413,-0.22373547,34,False
7074,121.Grasshopper_Sparrow/Grasshopper_Sparrow_0110_115644.jpg,121,120,121.Grasshopper_Sparrow,128,127,128.Seaside_Sparrow,0.57493991,0.051182244,0.52375766,121,True
7079,121.Grasshopper_Sparrow/Grasshopper_Sparrow_0115_115914.jpg,121,120,121.Grasshopper_Sparrow,117,116,117.Clay_colored_Sparrow,0.035177547,0.39277107,-0.35759352,117,False
7080,121.Grasshopper_Sparrow/Grasshopper_Sparrow_0026_115915.jpg,121,120,121.Grasshopper_Sparrow,133,132,133.White_throated_Sparrow,0.99170649,0.0028396787,0.98886681,121,True
7106,122.Harris_Sparrow/Harris_Sparrow_0074_116539.jpg,122,121,122.Harris_Sparrow,76,75,076.Dark_eyed_Junco,0.83483648,0.07317099,0.76166549,122,True
7111,122.Harris_Sparrow/Harris_Sparrow_0081_116574.jpg,122,121,122.Harris_Sparrow,120,119,120.Fox_Sparrow,0.98306078,0.0048590763,0.9782017,122,True
7141,122.Harris_Sparrow/Harris_Sparrow_0039_116409.jpg,122,121,122.Harris_Sparrow,99,98,099.Ovenbird,0.10191512,0.1202642,-0.018349081,99,False
7152,123.Henslow_Sparrow/Henslow_Sparrow_0081_116755.jpg,123,122,123.Henslow_Sparrow,121,120,121.Grasshopper_Sparrow,0.11644514,0.19209307,-0.075647935,121,False
7197,123.Henslow_Sparrow/Henslow_Sparrow_0098_796601.jpg,123,122,123.Henslow_Sparrow,124,123,124.Le_Conte_Sparrow,0.97364849,0.010664375,0.96298411,123,True
7200,123.Henslow_Sparrow/Henslow_Sparrow_0006_796607.jpg,123,122,123.Henslow_Sparrow,124,123,124.Le_Conte_Sparrow,0.99951565,0.00035818818,0.99915746,123,True
7243,124.Le_Conte_Sparrow/Le_Conte_Sparrow_0078_117052.jpg,124,123,124.Le_Conte_Sparrow,123,122,123.Henslow_Sparrow,0.93146437,0.029439146,0.90202523,124,True
7254,124.Le_Conte_Sparrow/Le_Conte_Sparrow_0016_795223.jpg,124,123,124.Le_Conte_Sparrow,113,112,113.Baird_Sparrow,0.98474032,0.0024556697,0.98228465,124,True
7265,124.Le_Conte_Sparrow/Le_Conte_Sparrow_0067_117146.jpg,124,123,124.Le_Conte_Sparrow,126,125,126.Nelson_Sharp_tailed_Sparrow,0.91636944,0.048330322,0.86803912,124,True
7272,125.Lincoln_Sparrow/Lincoln_Sparrow_0110_117264.jpg,125,124,125.Lincoln_Sparrow,131,130,131.Vesper_Sparrow,0.99080712,0.0029256684,0.98788145,125,True
7287,125.Lincoln_Sparrow/Lincoln_Sparrow_0070_117342.jpg,125,124,125.Lincoln_Sparrow,131,130,131.Vesper_Sparrow,0.030952705,0.72110242,-0.69014971,131,False
7290,125.Lincoln_Sparrow/Lincoln_Sparrow_0014_117883.jpg,125,124,125.Lincoln_Sparrow,131,130,131.Vesper_Sparrow,0.95248705,0.02024346,0.93224359,125,True
7367,126.Nelson_Sharp_tailed_Sparrow/Nelson_Sharp_Tailed_Sparrow_0074_796901.jpg,126,125,126.Nelson_Sharp_tailed_Sparrow,128,127,128.Seaside_Sparrow,0.029768074,0.94008493,-0.91031686,128,False
7375,126.Nelson_Sharp_tailed_Sparrow/Nelson_Sharp_Tailed_Sparrow_0017_796910.jpg,126,125,126.Nelson_Sharp_tailed_Sparrow,124,123,124.Le_Conte_Sparrow,0.61091262,0.27299044,0.33792219,126,True
7382,126.Nelson_Sharp_tailed_Sparrow/Nelson_Sharp_Tailed_Sparrow_0015_796922.jpg,126,125,126.Nelson_Sharp_tailed_Sparrow,124,123,124.Le_Conte_Sparrow,0.21812029,0.64408636,-0.42596607,124,False
7407,127.Savannah_Sparrow/Savannah_Sparrow_0008_118929.jpg,127,126,127.Savannah_Sparrow,123,122,123.Henslow_Sparrow,0.033354197,0.38296691,-0.34961271,123,False
7417,127.Savannah_Sparrow/Savannah_Sparrow_0054_120057.jpg,127,126,127.Savannah_Sparrow,129,128,129.Song_Sparrow,0.0020407226,0.88387191,-0.88183119,129,False
7430,127.Savannah_Sparrow/Savannah_Sparrow_0118_118603.jpg,127,126,127.Savannah_Sparrow,128,127,128.Seaside_Sparrow,0.7214852,0.1230987,0.5983865,127,True
7464,128.Seaside_Sparrow/Seaside_Sparrow_0051_796522.jpg,128,127,128.Seaside_Sparrow,133,132,133.White_throated_Sparrow,0.99921167,0.000174302,0.99903737,128,True
7469,128.Seaside_Sparrow/Seaside_Sparrow_0039_796530.jpg,128,127,128.Seaside_Sparrow,104,103,104.American_Pipit,0.0063202851,0.51348311,-0.50716282,104,False
7482,128.Seaside_Sparrow/Seaside_Sparrow_0001_120720.jpg,128,127,128.Seaside_Sparrow,126,125,126.Nelson_Sharp_tailed_Sparrow,0.98458427,0.0032405297,0.98134374,128,True
7544,129.Song_Sparrow/Song_Sparrow_0007_121133.jpg,129,128,129.Song_Sparrow,125,124,125.Lincoln_Sparrow,0.38843936,0.58194238,-0.19350302,125,False
7555,129.Song_Sparrow/Song_Sparrow_0121_121203.jpg,129,128,129.Song_Sparrow,195,194,195.Carolina_Wren,0.1833673,0.38250256,-0.19913526,195,False
7561,129.Song_Sparrow/Song_Sparrow_0135_121261.jpg,129,128,129.Song_Sparrow,131,130,131.Vesper_Sparrow,0.93848944,0.024133435,0.914356,129,True
7585,130.Tree_Sparrow/Tree_Sparrow_0041_123497.jpg,130,129,130.Tree_Sparrow,119,118,119.Field_Sparrow,0.015643938,0.37343156,-0.35778763,119,False
7598,130.Tree_Sparrow/Tree_Sparrow_0039_124140.jpg,130,129,130.Tree_Sparrow,133,132,133.White_throated_Sparrow,0.53128296,0.34407726,0.1872057,130,True
7616,130.Tree_Sparrow/Tree_Sparrow_0046_125344.jpg,130,129,130.Tree_Sparrow,115,114,115.Brewer_Sparrow,0.048133027,0.1389775,-0.090844471,115,False
7633,131.Vesper_Sparrow/Vesper_Sparrow_0087_125712.jpg,131,130,131.Vesper_Sparrow,113,112,113.Baird_Sparrow,0.65857154,0.10445265,0.55411889,131,True
7653,131.Vesper_Sparrow/Vesper_Sparrow_0070_125555.jpg,131,130,131.Vesper_Sparrow,150,149,150.Sage_Thrasher,0.98697621,0.0043697963,0.98260641,131,True
7676,131.Vesper_Sparrow/Vesper_Sparrow_0057_125649.jpg,131,130,131.Vesper_Sparrow,120,119,120.Fox_Sparrow,0.77076709,0.050049387,0.72071771,131,True
7688,132.White_crowned_Sparrow/White_Crowned_Sparrow_0087_128008.jpg,132,131,132.White_crowned_Sparrow,159,158,159.Black_and_white_Warbler,0.27447179,0.097671427,0.17680036,132,True
7704,132.White_crowned_Sparrow/White_Crowned_Sparrow_0021_127092.jpg,132,131,132.White_crowned_Sparrow,119,118,119.Field_Sparrow,0.0021295834,0.84390408,-0.84177449,119,False
7740,132.White_crowned_Sparrow/White_Crowned_Sparrow_0057_127927.jpg,132,131,132.White_crowned_Sparrow,133,132,133.White_throated_Sparrow,0.98234749,0.0094469003,0.97290059,132,True
7761,133.White_throated_Sparrow/White_Throated_Sparrow_0015_129138.jpg,133,132,133.White_throated_Sparrow,132,131,132.White_crowned_Sparrow,0.98785156,0.0043989038,0.98345266,133,True
7766,133.White_throated_Sparrow/White_Throated_Sparrow_0108_129184.jpg,133,132,133.White_throated_Sparrow,118,117,118.House_Sparrow,0.23100884,0.39370444,-0.1626956,118,False
7770,133.White_throated_Sparrow/White_Throated_Sparrow_0124_128801.jpg,133,132,133.White_throated_Sparrow,121,120,121.Grasshopper_Sparrow,0.14319858,0.27452046,-0.13132188,121,False
7827,134.Cape_Glossy_Starling/Cape_Glossy_Starling_0043_129358.jpg,134,133,134.Cape_Glossy_Starling,87,86,087.Mallard,0.99943691,6.2953601e-05,0.99937396,134,True
7837,134.Cape_Glossy_Starling/Cape_Glossy_Starling_0096_129388.jpg,134,133,134.Cape_Glossy_Starling,9,8,009.Brewer_Blackbird,0.84686846,0.04521805,0.8016504,134,True
7844,134.Cape_Glossy_Starling/Cape_Glossy_Starling_0046_129434.jpg,134,133,134.Cape_Glossy_Starling,9,8,009.Brewer_Blackbird,0.99833751,0.0003547302,0.99798278,134,True
7867,135.Bank_Swallow/Bank_Swallow_0015_129853.jpg,135,134,135.Bank_Swallow,102,101,102.Western_Wood_Pewee,0.94181019,0.033124752,0.90868544,135,True
7871,135.Bank_Swallow/Bank_Swallow_0068_129806.jpg,135,134,135.Bank_Swallow,137,136,137.Cliff_Swallow,0.020340826,0.91371804,-0.89337722,137,False
7916,135.Bank_Swallow/Bank_Swallow_0007_129514.jpg,135,134,135.Bank_Swallow,118,117,118.House_Sparrow,0.62713671,0.042299755,0.58483695,135,True
7930,136.Barn_Swallow/Barn_Swallow_0026_132386.jpg,136,135,136.Barn_Swallow,137,136,137.Cliff_Swallow,0.15509661,0.84254992,-0.68745331,137,False
7936,136.Barn_Swallow/Barn_Swallow_0094_132154.jpg,136,135,136.Barn_Swallow,137,136,137.Cliff_Swallow,0.92790282,0.064337209,0.86356561,136,True
7969,136.Barn_Swallow/Barn_Swallow_0042_132043.jpg,136,135,136.Barn_Swallow,135,134,135.Bank_Swallow,9.1579059e-05,0.99246538,-0.9923738,135,False
7995,137.Cliff_Swallow/Cliff_Swallow_0044_133927.jpg,137,136,137.Cliff_Swallow,135,134,135.Bank_Swallow,0.39065742,0.24420476,0.14645267,137,True
8012,137.Cliff_Swallow/Cliff_Swallow_0071_133742.jpg,137,136,137.Cliff_Swallow,135,134,135.Bank_Swallow,0.98630142,0.012440884,0.97386054,137,True
8042,137.Cliff_Swallow/Cliff_Swallow_0011_133033.jpg,137,136,137.Cliff_Swallow,118,117,118.House_Sparrow,0.033616982,0.68549842,-0.65188143,118,False
8053,138.Tree_Swallow/Tree_Swallow_0030_134942.jpg,138,137,138.Tree_Swallow,136,135,136.Barn_Swallow,0.76793259,0.09773159,0.670201,138,True
8057,138.Tree_Swallow/Tree_Swallow_0071_136749.jpg,138,137,138.Tree_Swallow,134,133,134.Cape_Glossy_Starling,0.965832,0.0084185135,0.95741348,138,True
8083,138.Tree_Swallow/Tree_Swallow_0017_135062.jpg,138,137,138.Tree_Swallow,111,110,111.Loggerhead_Shrike,0.95515364,0.024725916,0.93042773,138,True
8107,139.Scarlet_Tanager/Scarlet_Tanager_0093_138250.jpg,139,138,139.Scarlet_Tanager,140,139,140.Summer_Tanager,0.5442397,0.45200905,0.092230648,139,True
8123,139.Scarlet_Tanager/Scarlet_Tanager_0040_137885.jpg,139,138,139.Scarlet_Tanager,42,41,042.Vermilion_Flycatcher,0.95673496,0.019627284,0.93710767,139,True
8129,139.Scarlet_Tanager/Scarlet_Tanager_0083_138500.jpg,139,138,139.Scarlet_Tanager,58,57,058.Pigeon_Guillemot,0.9991805,0.00015278519,0.99902771,139,True
8172,140.Summer_Tanager/Summer_Tanager_0018_139290.jpg,140,139,140.Summer_Tanager,16,15,016.Painted_Bunting,0.89630425,0.069651879,0.82665237,140,True
8194,140.Summer_Tanager/Summer_Tanager_0095_139882.jpg,140,139,140.Summer_Tanager,17,16,017.Cardinal,0.99670488,0.0010347612,0.99567012,140,True
8209,140.Summer_Tanager/Summer_Tanager_0058_139427.jpg,140,139,140.Summer_Tanager,139,138,139.Scarlet_Tanager,0.99939251,0.00034478132,0.99904773,140,True
8233,141.Artic_Tern/Artic_Tern_0012_143410.jpg,141,140,141.Artic_Tern,84,83,084.Red_legged_Kittiwake,0.3871879,0.48789573,-0.10070783,84,False
8240,141.Artic_Tern/Artic_Tern_0080_140889.jpg,141,140,141.Artic_Tern,84,83,084.Red_legged_Kittiwake,0.98907208,0.0033028305,0.98576925,141,True
8280,141.Artic_Tern/Artic_Tern_0052_143244.jpg,141,140,141.Artic_Tern,146,145,146.Forsters_Tern,0.53578365,0.23859993,0.29718372,141,True
8323,142.Black_Tern/Black_Tern_0069_144359.jpg,142,141,142.Black_Tern,160,159,160.Black_throated_Blue_Warbler,0.96483409,0.0086445929,0.9561895,142,True
8324,142.Black_Tern/Black_Tern_0082_144372.jpg,142,141,142.Black_Tern,30,29,030.Fish_Crow,0.015901536,0.83379954,-0.81789801,30,False
8335,142.Black_Tern/Black_Tern_0055_144607.jpg,142,141,142.Black_Tern,141,140,141.Artic_Tern,0.99541783,0.0010590514,0.99435878,142,True
8361,143.Caspian_Tern/Caspian_Tern_0101_145164.jpg,143,142,143.Caspian_Tern,145,144,145.Elegant_Tern,0.82430828,0.13337982,0.69092846,143,True
8376,143.Caspian_Tern/Caspian_Tern_0013_145553.jpg,143,142,143.Caspian_Tern,26,25,026.Bronzed_Cowbird,0.046724729,0.21985567,-0.17313094,26,False
8378,143.Caspian_Tern/Caspian_Tern_0078_146824.jpg,143,142,143.Caspian_Tern,147,146,147.Least_Tern,0.38740349,0.2653535,0.12204999,143,True
8405,144.Common_Tern/Common_Tern_0019_149769.jpg,144,143,144.Common_Tern,147,146,147.Least_Tern,0.53931481,0.15043841,0.38887639,144,True
8410,144.Common_Tern/Common_Tern_0100_149541.jpg,144,143,144.Common_Tern,145,144,145.Elegant_Tern,9.3853865e-05,0.82997024,-0.82987639,145,False
8411,144.Common_Tern/Common_Tern_0043_147753.jpg,144,143,144.Common_Tern,141,140,141.Artic_Tern,0.011133404,0.94281131,-0.93167791,141,False
8466,145.Elegant_Tern/Elegant_Tern_0032_150488.jpg,145,144,145.Elegant_Tern,146,145,146.Forsters_Tern,0.8993122,0.033606298,0.8657059,145,True
8498,145.Elegant_Tern/Elegant_Tern_0004_150948.jpg,145,144,145.Elegant_Tern,147,146,147.Least_Tern,0.18694933,0.67527854,-0.48832922,147,False
8500,145.Elegant_Tern/Elegant_Tern_0052_150695.jpg,145,144,145.Elegant_Tern,143,142,143.Caspian_Tern,0.04281259,0.89658415,-0.85377156,143,False
8526,146.Forsters_Tern/Forsters_Tern_0118_151564.jpg,146,145,146.Forsters_Tern,145,144,145.Elegant_Tern,0.73959285,0.11583879,0.62375406,146,True
8544,146.Forsters_Tern/Forsters_Tern_0104_152666.jpg,146,145,146.Forsters_Tern,144,143,144.Common_Tern,0.99014705,0.0067343959,0.98341266,146,True
8564,146.Forsters_Tern/Forsters_Tern_0045_151227.jpg,146,145,146.Forsters_Tern,147,146,147.Least_Tern,0.76072025,0.19055668,0.57016358,146,True
8625,147.Least_Tern/Least_Tern_0056_153965.jpg,147,146,147.Least_Tern,71,70,071.Long_tailed_Jaeger,0.0032159355,0.6313495,-0.62813357,71,False
8626,147.Least_Tern/Least_Tern_0020_153458.jpg,147,146,147.Least_Tern,146,145,146.Forsters_Tern,0.61989492,0.1584608,0.46143413,147,True
8635,147.Least_Tern/Least_Tern_0052_154021.jpg,147,146,147.Least_Tern,71,70,071.Long_tailed_Jaeger,0.24438219,0.12423716,0.12014502,147,True
8653,148.Green_tailed_Towhee/Green_Tailed_Towhee_0074_154915.jpg,148,147,148.Green_tailed_Towhee,76,75,076.Dark_eyed_Junco,0.23495416,0.077313967,0.1576402,148,True
8666,148.Green_tailed_Towhee/Green_Tailed_Towhee_0064_154771.jpg,148,147,148.Green_tailed_Towhee,114,113,114.Black_throated_Sparrow,0.97847444,0.0058280812,0.97264636,148,True
8679,148.Green_tailed_Towhee/Green_Tailed_Towhee_0094_797396.jpg,148,147,148.Green_tailed_Towhee,116,115,116.Chipping_Sparrow,0.99517918,0.0023450851,0.99283409,148,True
8730,149.Brown_Thrasher/Brown_Thrasher_0052_155254.jpg,149,148,149.Brown_Thrasher,150,149,150.Sage_Thrasher,0.45056179,0.36875257,0.081809223,149,True
8734,149.Brown_Thrasher/Brown_Thrasher_0013_155329.jpg,149,148,149.Brown_Thrasher,120,119,120.Fox_Sparrow,0.98286647,0.0091125788,0.97375389,149,True
8751,149.Brown_Thrasher/Brown_Thrasher_0085_155445.jpg,149,148,149.Brown_Thrasher,99,98,099.Ovenbird,0.86634266,0.041477822,0.82486484,149,True
8764,150.Sage_Thrasher/Sage_Thrasher_0025_155661.jpg,150,149,150.Sage_Thrasher,194,193,194.Cactus_Wren,0.98538673,0.0049133543,0.98047337,150,True
8770,150.Sage_Thrasher/Sage_Thrasher_0095_796446.jpg,150,149,150.Sage_Thrasher,120,119,120.Fox_Sparrow,0.99749619,0.00037392339,0.99712226,150,True
8782,150.Sage_Thrasher/Sage_Thrasher_0096_155449.jpg,150,149,150.Sage_Thrasher,127,126,127.Savannah_Sparrow,0.83435977,0.036880214,0.79747955,150,True
8836,151.Black_capped_Vireo/Black_Capped_Vireo_0022_797459.jpg,151,150,151.Black_capped_Vireo,114,113,114.Black_throated_Sparrow,0.99849331,0.00020234892,0.99829096,151,True
8848,151.Black_capped_Vireo/Black_Capped_Vireo_0012_797473.jpg,151,150,151.Black_capped_Vireo,152,151,152.Blue_headed_Vireo,0.99070096,0.0023214472,0.98837951,151,True
8870,151.Black_capped_Vireo/Black_Capped_Vireo_0018_155868.jpg,151,150,151.Black_capped_Vireo,152,151,152.Blue_headed_Vireo,0.97136408,0.012248409,0.95911567,151,True
8881,152.Blue_headed_Vireo/Blue_Headed_Vireo_0020_155994.jpg,152,151,152.Blue_headed_Vireo,172,171,172.Nashville_Warbler,0.967246,0.023902178,0.94334382,152,True
8913,152.Blue_headed_Vireo/Blue_Headed_Vireo_0122_156017.jpg,152,151,152.Blue_headed_Vireo,155,154,155.Warbling_Vireo,0.97211266,0.0058152131,0.96629744,152,True
8917,152.Blue_headed_Vireo/Blue_Headed_Vireo_0031_156056.jpg,152,151,152.Blue_headed_Vireo,171,170,171.Myrtle_Warbler,0.41030809,0.060432423,0.34987567,152,True
8949,153.Philadelphia_Vireo/Philadelphia_Vireo_0070_794758.jpg,153,152,153.Philadelphia_Vireo,173,172,173.Orange_crowned_Warbler,0.82306808,0.029553352,0.79351473,153,True
8966,153.Philadelphia_Vireo/Philadelphia_Vireo_0015_794778.jpg,153,152,153.Philadelphia_Vireo,200,199,200.Common_Yellowthroat,0.69659829,0.097325675,0.59927262,153,True
8975,153.Philadelphia_Vireo/Philadelphia_Vireo_0071_794796.jpg,153,152,153.Philadelphia_Vireo,155,154,155.Warbling_Vireo,0.92488253,0.073833652,0.85104888,153,True
8997,154.Red_eyed_Vireo/Red_Eyed_Vireo_0034_157219.jpg,154,153,154.Red_eyed_Vireo,178,177,178.Swainson_Warbler,0.29689971,0.18585908,0.11104062,154,True
9006,154.Red_eyed_Vireo/Red_Eyed_Vireo_0029_156777.jpg,154,153,154.Red_eyed_Vireo,155,154,155.Warbling_Vireo,0.60155022,0.093371719,0.5081785,154,True
9021,154.Red_eyed_Vireo/Red_Eyed_Vireo_0038_156963.jpg,154,153,154.Red_eyed_Vireo,181,180,181.Worm_eating_Warbler,0.45720997,0.53362292,-0.076412946,181,False
9063,155.Warbling_Vireo/Warbling_Vireo_0104_158800.jpg,155,154,155.Warbling_Vireo,153,152,153.Philadelphia_Vireo,0.033929311,0.95590144,-0.92197213,153,False
9080,155.Warbling_Vireo/Warbling_Vireo_0132_158420.jpg,155,154,155.Warbling_Vireo,154,153,154.Red_eyed_Vireo,0.23686171,0.37794748,-0.14108577,154,False
9090,155.Warbling_Vireo/Warbling_Vireo_0003_158484.jpg,155,154,155.Warbling_Vireo,153,152,153.Philadelphia_Vireo,0.96754164,0.014822195,0.95271944,155,True
9117,156.White_eyed_Vireo/White_Eyed_Vireo_0030_159265.jpg,156,155,156.White_eyed_Vireo,152,151,152.Blue_headed_Vireo,0.0060598208,0.95136517,-0.94530535,152,False
9125,156.White_eyed_Vireo/White_Eyed_Vireo_0050_158829.jpg,156,155,156.White_eyed_Vireo,157,156,157.Yellow_throated_Vireo,0.93827331,0.028373525,0.90989979,156,True
9150,156.White_eyed_Vireo/White_Eyed_Vireo_0118_159036.jpg,156,155,156.White_eyed_Vireo,157,156,157.Yellow_throated_Vireo,0.99993253,2.3876904e-05,0.99990865,156,True
9193,157.Yellow_throated_Vireo/Yellow_Throated_Vireo_0012_794977.jpg,157,156,157.Yellow_throated_Vireo,175,174,175.Pine_Warbler,0.95151407,0.044725493,0.90678857,157,True
9211,157.Yellow_throated_Vireo/Yellow_Throated_Vireo_0028_795008.jpg,157,156,157.Yellow_throated_Vireo,172,171,172.Nashville_Warbler,0.60454011,0.078001305,0.5265388,157,True
9223,157.Yellow_throated_Vireo/Yellow_Throated_Vireo_0070_159602.jpg,157,156,157.Yellow_throated_Vireo,175,174,175.Pine_Warbler,0.8890627,0.050450701,0.838612,157,True
9237,158.Bay_breasted_Warbler/Bay_Breasted_Warbler_0062_159783.jpg,158,157,158.Bay_breasted_Warbler,165,164,165.Chestnut_sided_Warbler,0.96733856,0.025288275,0.94205029,158,True
9269,158.Bay_breasted_Warbler/Bay_Breasted_Warbler_0045_797135.jpg,158,157,158.Bay_breasted_Warbler,21,20,021.Eastern_Towhee,0.99120575,0.0021524648,0.98905329,158,True
9290,158.Bay_breasted_Warbler/Bay_Breasted_Warbler_0079_159998.jpg,158,157,158.Bay_breasted_Warbler,137,136,137.Cliff_Swallow,0.94956744,0.0089784656,0.94058897,158,True
9308,159.Black_and_white_Warbler/Black_And_White_Warbler_0080_160375.jpg,159,158,159.Black_and_white_Warbler,114,113,114.Black_throated_Sparrow,0.98033077,0.0077225519,0.97260821,159,True
9317,159.Black_and_white_Warbler/Black_And_White_Warbler_0022_160512.jpg,159,158,159.Black_and_white_Warbler,99,98,099.Ovenbird,0.99308985,0.0030298419,0.99006001,159,True
9326,159.Black_and_white_Warbler/Black_And_White_Warbler_0081_110906.jpg,159,158,159.Black_and_white_Warbler,171,170,171.Myrtle_Warbler,0.95390832,0.0090478789,0.94486045,159,True
9371,160.Black_throated_Blue_Warbler/Black_Throated_Blue_Warbler_0133_161539.jpg,160,159,160.Black_throated_Blue_Warbler,152,151,152.Blue_headed_Vireo,0.14993761,0.066646554,0.083291061,160,True
9382,160.Black_throated_Blue_Warbler/Black_Throated_Blue_Warbler_0060_161644.jpg,160,159,160.Black_throated_Blue_Warbler,138,137,138.Tree_Swallow,0.99722338,0.00082703744,0.99639634,160,True
9402,160.Black_throated_Blue_Warbler/Black_Throated_Blue_Warbler_0108_161714.jpg,160,159,160.Black_throated_Blue_Warbler,164,163,164.Cerulean_Warbler,0.99849713,0.00039653128,0.9981006,160,True
9415,161.Blue_winged_Warbler/Blue_Winged_Warbler_0059_162064.jpg,161,160,161.Blue_winged_Warbler,168,167,168.Kentucky_Warbler,0.0093620084,0.1736452,-0.16428319,168,False
9421,161.Blue_winged_Warbler/Blue_Winged_Warbler_0012_162086.jpg,161,160,161.Blue_winged_Warbler,177,176,177.Prothonotary_Warbler,0.99946052,0.0001036158,0.9993569,161,True
9446,161.Blue_winged_Warbler/Blue_Winged_Warbler_0023_161774.jpg,161,160,161.Blue_winged_Warbler,163,162,163.Cape_May_Warbler,0.014625921,0.097454958,-0.082829037,163,False
9474,162.Canada_Warbler/Canada_Warbler_0121_162310.jpg,162,161,162.Canada_Warbler,172,171,172.Nashville_Warbler,0.85506183,0.081832319,0.77322951,162,True
9503,162.Canada_Warbler/Canada_Warbler_0076_162393.jpg,162,161,162.Canada_Warbler,176,175,176.Prairie_Warbler,0.99981385,4.6343284e-05,0.99976751,162,True
9512,162.Canada_Warbler/Canada_Warbler_0016_162411.jpg,162,161,162.Canada_Warbler,169,168,169.Magnolia_Warbler,0.70587689,0.27083993,0.43503696,162,True
9536,163.Cape_May_Warbler/Cape_May_Warbler_0108_163108.jpg,163,162,163.Cape_May_Warbler,175,174,175.Pine_Warbler,0.97036964,0.0045392695,0.96583037,163,True
9559,163.Cape_May_Warbler/Cape_May_Warbler_0028_163177.jpg,163,162,163.Cape_May_Warbler,88,87,088.Western_Meadowlark,0.8795771,0.018614627,0.86096247,163,True
9585,163.Cape_May_Warbler/Cape_May_Warbler_0040_163036.jpg,163,162,163.Cape_May_Warbler,182,181,182.Yellow_Warbler,0.9619832,0.015123313,0.94685989,163,True
9607,164.Cerulean_Warbler/Cerulean_Warbler_0060_797209.jpg,164,163,164.Cerulean_Warbler,159,158,159.Black_and_white_Warbler,0.99759871,0.0013848152,0.99621389,164,True
9639,164.Cerulean_Warbler/Cerulean_Warbler_0078_163271.jpg,164,163,164.Cerulean_Warbler,179,178,179.Tennessee_Warbler,0.022551188,0.19678365,-0.17423246,179,False
9650,164.Cerulean_Warbler/Cerulean_Warbler_0018_797183.jpg,164,163,164.Cerulean_Warbler,159,158,159.Black_and_white_Warbler,0.99881411,0.00030354879,0.99851056,164,True
9657,165.Chestnut_sided_Warbler/Chestnut_Sided_Warbler_0081_163854.jpg,165,164,165.Chestnut_sided_Warbler,166,165,166.Golden_winged_Warbler,0.99646264,0.00066566077,0.99579698,165,True
9664,165.Chestnut_sided_Warbler/Chestnut_Sided_Warbler_0073_163868.jpg,165,164,165.Chestnut_sided_Warbler,166,165,166.Golden_winged_Warbler,0.99832481,0.00028286068,0.99804195,165,True
9675,165.Chestnut_sided_Warbler/Chestnut_Sided_Warbler_0069_163921.jpg,165,164,165.Chestnut_sided_Warbler,156,155,156.White_eyed_Vireo,0.77899063,0.10712062,0.67187001,165,True
9715,166.Golden_winged_Warbler/Golden_Winged_Warbler_0083_794801.jpg,166,165,166.Golden_winged_Warbler,165,164,165.Chestnut_sided_Warbler,0.98753077,0.0020380791,0.98549269,166,True
9721,166.Golden_winged_Warbler/Golden_Winged_Warbler_0030_164462.jpg,166,165,166.Golden_winged_Warbler,165,164,165.Chestnut_sided_Warbler,0.96498126,0.0097386111,0.95524265,166,True
9757,166.Golden_winged_Warbler/Golden_Winged_Warbler_0016_794841.jpg,166,165,166.Golden_winged_Warbler,167,166,167.Hooded_Warbler,0.97373927,0.0033987404,0.97034053,166,True
9783,167.Hooded_Warbler/Hooded_Warbler_0039_164928.jpg,167,166,167.Hooded_Warbler,180,179,180.Wilson_Warbler,0.0077647711,0.97854304,-0.97077827,180,False
9793,167.Hooded_Warbler/Hooded_Warbler_0021_165057.jpg,167,166,167.Hooded_Warbler,157,156,157.Yellow_throated_Vireo,0.60413086,0.1290424,0.47508846,167,True
9794,167.Hooded_Warbler/Hooded_Warbler_0057_164137.jpg,167,166,167.Hooded_Warbler,168,167,168.Kentucky_Warbler,0.99702954,0.0017315508,0.99529799,167,True
9855,168.Kentucky_Warbler/Kentucky_Warbler_0066_165290.jpg,168,167,168.Kentucky_Warbler,162,161,162.Canada_Warbler,0.18108588,0.76096362,-0.57987773,162,False
9869,168.Kentucky_Warbler/Kentucky_Warbler_0071_165342.jpg,168,167,168.Kentucky_Warbler,162,161,162.Canada_Warbler,0.78335953,0.20256181,0.58079772,168,True
9888,168.Kentucky_Warbler/Kentucky_Warbler_0020_795903.jpg,168,167,168.Kentucky_Warbler,162,161,162.Canada_Warbler,0.84197849,0.10773048,0.73424801,168,True
9896,169.Magnolia_Warbler/Magnolia_Warbler_0018_165958.jpg,169,168,169.Magnolia_Warbler,20,19,020.Yellow_breasted_Chat,0.99762398,0.00091317046,0.99671081,169,True
9937,169.Magnolia_Warbler/Magnolia_Warbler_0032_165960.jpg,169,168,169.Magnolia_Warbler,172,171,172.Nashville_Warbler,0.037255682,0.51026195,-0.47300627,172,False
9947,169.Magnolia_Warbler/Magnolia_Warbler_0102_165884.jpg,169,168,169.Magnolia_Warbler,176,175,176.Prairie_Warbler,0.99784732,0.0009862209,0.9968611,169,True
9953,170.Mourning_Warbler/Mourning_Warbler_0020_166440.jpg,170,169,170.Mourning_Warbler,160,159,160.Black_throated_Blue_Warbler,0.9990471,0.00037210167,0.998675,170,True
9955,170.Mourning_Warbler/Mourning_Warbler_0008_166467.jpg,170,169,170.Mourning_Warbler,153,152,153.Philadelphia_Vireo,0.51708597,0.096725941,0.42036003,170,True
9988,170.Mourning_Warbler/Mourning_Warbler_0051_795352.jpg,170,169,170.Mourning_Warbler,98,97,098.Scott_Oriole,0.8427828,0.027262777,0.81552002,170,True
10014,171.Myrtle_Warbler/Myrtle_Warbler_0026_166680.jpg,171,170,171.Myrtle_Warbler,99,98,099.Ovenbird,0.039063364,0.21702971,-0.17796634,99,False
10036,171.Myrtle_Warbler/Myrtle_Warbler_0084_166747.jpg,171,170,171.Myrtle_Warbler,166,165,166.Golden_winged_Warbler,0.46222651,0.23409666,0.22812985,171,True
10060,171.Myrtle_Warbler/Myrtle_Warbler_0037_166690.jpg,171,170,171.Myrtle_Warbler,122,121,122.Harris_Sparrow,0.70097142,0.038644332,0.66232709,171,True
10086,172.Nashville_Warbler/Nashville_Warbler_0121_167078.jpg,172,171,172.Nashville_Warbler,173,172,173.Orange_crowned_Warbler,0.86094862,0.067307122,0.7936415,172,True
10103,172.Nashville_Warbler/Nashville_Warbler_0023_167242.jpg,172,171,172.Nashville_Warbler,200,199,200.Common_Yellowthroat,0.060406558,0.45305544,-0.39264888,200,False
10124,172.Nashville_Warbler/Nashville_Warbler_0076_167389.jpg,172,171,172.Nashville_Warbler,16,15,016.Painted_Bunting,0.91840214,0.027811965,0.89059017,172,True
10149,173.Orange_crowned_Warbler/Orange_Crowned_Warbler_0103_168566.jpg,173,172,173.Orange_crowned_Warbler,170,169,170.Mourning_Warbler,0.0092000104,0.3139562,-0.30475619,170,False
10156,173.Orange_crowned_Warbler/Orange_Crowned_Warbler_0120_167587.jpg,173,172,173.Orange_crowned_Warbler,199,198,199.Winter_Wren,0.7144593,0.087473907,0.62698539,173,True
10180,173.Orange_crowned_Warbler/Orange_Crowned_Warbler_0030_168376.jpg,173,172,173.Orange_crowned_Warbler,175,174,175.Pine_Warbler,0.96716303,0.0097329384,0.95743009,173,True
10209,174.Palm_Warbler/Palm_Warbler_0095_170610.jpg,174,173,174.Palm_Warbler,184,183,184.Louisiana_Waterthrush,0.79138464,0.047388118,0.74399652,174,True
10212,174.Palm_Warbler/Palm_Warbler_0054_169175.jpg,174,173,174.Palm_Warbler,173,172,173.Orange_crowned_Warbler,0.73313999,0.055379771,0.67776022,174,True
10225,174.Palm_Warbler/Palm_Warbler_0126_170311.jpg,174,173,174.Palm_Warbler,168,167,168.Kentucky_Warbler,0.26424035,0.26840606,-0.004165709,168,False
10255,175.Pine_Warbler/Pine_Warbler_0032_172080.jpg,175,174,175.Pine_Warbler,157,156,157.Yellow_throated_Vireo,0.99509674,0.001837982,0.99325876,175,True
10264,175.Pine_Warbler/Pine_Warbler_0091_171627.jpg,175,174,175.Pine_Warbler,157,156,157.Yellow_throated_Vireo,0.072729424,0.82749051,-0.75476108,157,False
10306,175.Pine_Warbler/Pine_Warbler_0041_171477.jpg,175,174,175.Pine_Warbler,157,156,157.Yellow_throated_Vireo,0.9377501,0.011882183,0.92586792,175,True
10347,176.Prairie_Warbler/Prairie_Warbler_0053_173290.jpg,176,175,176.Prairie_Warbler,163,162,163.Cape_May_Warbler,0.99608397,0.00091074145,0.99517323,176,True
10350,176.Prairie_Warbler/Prairie_Warbler_0031_172818.jpg,176,175,176.Prairie_Warbler,163,162,163.Cape_May_Warbler,0.32406491,0.25307989,0.070985019,176,True
10353,176.Prairie_Warbler/Prairie_Warbler_0020_173359.jpg,176,175,176.Prairie_Warbler,169,168,169.Magnolia_Warbler,0.99294865,0.00091706129,0.99203159,176,True
10368,177.Prothonotary_Warbler/Prothonotary_Warbler_0112_174594.jpg,177,176,177.Prothonotary_Warbler,180,179,180.Wilson_Warbler,0.8069945,0.16736943,0.63962507,177,True
10420,177.Prothonotary_Warbler/Prothonotary_Warbler_0082_173970.jpg,177,176,177.Prothonotary_Warbler,167,166,167.Hooded_Warbler,0.5134961,0.06228482,0.45121128,177,True
10426,177.Prothonotary_Warbler/Prothonotary_Warbler_0045_173536.jpg,177,176,177.Prothonotary_Warbler,180,179,180.Wilson_Warbler,0.98586857,0.0099567808,0.97591179,177,True
10429,178.Swainson_Warbler/Swainson_Warbler_0025_794881.jpg,178,177,178.Swainson_Warbler,153,152,153.Philadelphia_Vireo,0.55660963,0.094281331,0.4623283,178,True
10437,178.Swainson_Warbler/Swainson_Warbler_0034_794890.jpg,178,177,178.Swainson_Warbler,193,192,193.Bewick_Wren,0.89720374,0.016315658,0.88088809,178,True
10452,178.Swainson_Warbler/Swainson_Warbler_0036_174699.jpg,178,177,178.Swainson_Warbler,31,30,031.Black_billed_Cuckoo,0.95307559,0.008769298,0.94430629,178,True
10491,179.Tennessee_Warbler/Tennessee_Warbler_0084_174891.jpg,179,178,179.Tennessee_Warbler,152,151,152.Blue_headed_Vireo,0.98414892,0.0064719571,0.97767696,179,True
10503,179.Tennessee_Warbler/Tennessee_Warbler_0063_168561.jpg,179,178,179.Tennessee_Warbler,178,177,178.Swainson_Warbler,0.59580702,0.095389009,0.50041801,179,True
10539,179.Tennessee_Warbler/Tennessee_Warbler_0044_174824.jpg,179,178,179.Tennessee_Warbler,155,154,155.Warbling_Vireo,0.99500412,0.0014651641,0.99353895,179,True
10552,180.Wilson_Warbler/Wilson_Warbler_0108_175179.jpg,180,179,180.Wilson_Warbler,182,181,182.Yellow_Warbler,0.97812438,0.0040785391,0.97404584,180,True
10558,180.Wilson_Warbler/Wilson_Warbler_0010_175750.jpg,180,179,180.Wilson_Warbler,182,181,182.Yellow_Warbler,0.99570256,0.0018326658,0.9938699,180,True
10599,180.Wilson_Warbler/Wilson_Warbler_0076_175780.jpg,180,179,180.Wilson_Warbler,182,181,182.Yellow_Warbler,0.96590227,0.029563725,0.93633854,180,True
10633,181.Worm_eating_Warbler/Worm_Eating_Warbler_0065_795551.jpg,181,180,181.Worm_eating_Warbler,18,17,018.Spotted_Catbird,0.053321548,0.5209294,-0.46760785,18,False
10638,181.Worm_eating_Warbler/Worm_Eating_Warbler_0006_176037.jpg,181,180,181.Worm_eating_Warbler,195,194,195.Carolina_Wren,0.98296654,0.011087778,0.97187876,181,True
10656,181.Worm_eating_Warbler/Worm_Eating_Warbler_0074_176093.jpg,181,180,181.Worm_eating_Warbler,168,167,168.Kentucky_Warbler,0.98218322,0.0065334477,0.97564977,181,True
10665,182.Yellow_Warbler/Yellow_Warbler_0121_176402.jpg,182,181,182.Yellow_Warbler,180,179,180.Wilson_Warbler,0.91600782,0.047328088,0.86867973,182,True
10670,182.Yellow_Warbler/Yellow_Warbler_0018_176674.jpg,182,181,182.Yellow_Warbler,172,171,172.Nashville_Warbler,0.059150163,0.18813664,-0.12898647,172,False
10708,182.Yellow_Warbler/Yellow_Warbler_0067_176856.jpg,182,181,182.Yellow_Warbler,180,179,180.Wilson_Warbler,0.91805631,0.056280091,0.86177622,182,True
10734,183.Northern_Waterthrush/Northern_Waterthrush_0044_176961.jpg,183,182,183.Northern_Waterthrush,184,183,184.Louisiana_Waterthrush,0.98713815,0.0043139411,0.98282421,183,True
10767,183.Northern_Waterthrush/Northern_Waterthrush_0016_177345.jpg,183,182,183.Northern_Waterthrush,184,183,184.Louisiana_Waterthrush,0.87303579,0.04117712,0.83185867,183,True
10772,183.Northern_Waterthrush/Northern_Waterthrush_0055_177114.jpg,183,182,183.Northern_Waterthrush,176,175,176.Prairie_Warbler,0.78326875,0.091721296,0.69154745,183,True
10791,184.Louisiana_Waterthrush/Louisiana_Waterthrush_0015_177515.jpg,184,183,184.Louisiana_Waterthrush,183,182,183.Northern_Waterthrush,0.10958077,0.57155389,-0.46197312,183,False
10795,184.Louisiana_Waterthrush/Louisiana_Waterthrush_0026_177503.jpg,184,183,184.Louisiana_Waterthrush,181,180,181.Worm_eating_Warbler,0.83335978,0.025451632,0.80790815,184,True
10803,184.Louisiana_Waterthrush/Louisiana_Waterthrush_0077_795247.jpg,184,183,184.Louisiana_Waterthrush,183,182,183.Northern_Waterthrush,0.50921565,0.42098606,0.088229597,184,True
10852,185.Bohemian_Waxwing/Bohemian_Waxwing_0039_177702.jpg,185,184,185.Bohemian_Waxwing,112,111,112.Great_Grey_Shrike,0.99609852,0.0025174976,0.99358102,185,True
10877,185.Bohemian_Waxwing/Bohemian_Waxwing_0117_177858.jpg,185,184,185.Bohemian_Waxwing,186,185,186.Cedar_Waxwing,0.0031617309,0.97674191,-0.97358018,186,False
10901,185.Bohemian_Waxwing/Bohemian_Waxwing_0114_177621.jpg,185,184,185.Bohemian_Waxwing,62,61,062.Herring_Gull,0.39189655,0.084693037,0.30720351,185,True
10914,186.Cedar_Waxwing/Cedar_Waxwing_0062_178788.jpg,186,185,186.Cedar_Waxwing,185,184,185.Bohemian_Waxwing,0.99971598,6.928575e-05,0.9996467,186,True
10931,186.Cedar_Waxwing/Cedar_Waxwing_0125_178921.jpg,186,185,186.Cedar_Waxwing,185,184,185.Bohemian_Waxwing,0.99282771,0.005012034,0.98781568,186,True
10932,186.Cedar_Waxwing/Cedar_Waxwing_0031_178929.jpg,186,185,186.Cedar_Waxwing,103,102,103.Sayornis,0.0027650758,0.56542784,-0.56266276,103,False
10968,187.American_Three_toed_Woodpecker/American_Three_Toed_Woodpecker_0008_179850.jpg,187,186,187.American_Three_toed_Woodpecker,34,33,034.Gray_crowned_Rosy_Finch,0.86460716,0.020083632,0.84452352,187,True
10980,187.American_Three_toed_Woodpecker/American_Three_Toed_Woodpecker_0013_179833.jpg,187,186,187.American_Three_toed_Woodpecker,190,189,190.Red_cockaded_Woodpecker,0.9275673,0.062002834,0.86556447,187,True
10989,187.American_Three_toed_Woodpecker/American_Three_Toed_Woodpecker_0004_179908.jpg,187,186,187.American_Three_toed_Woodpecker,190,189,190.Red_cockaded_Woodpecker,0.74606651,0.24409015,0.50197636,187,True
11034,188.Pileated_Woodpecker/Pileated_Woodpecker_0038_180300.jpg,188,187,188.Pileated_Woodpecker,191,190,191.Red_headed_Woodpecker,0.99723107,0.0011851687,0.9960459,188,True
11036,188.Pileated_Woodpecker/Pileated_Woodpecker_0004_180307.jpg,188,187,188.Pileated_Woodpecker,106,105,106.Horned_Puffin,0.88278037,0.044401068,0.8383793,188,True
11057,188.Pileated_Woodpecker/Pileated_Woodpecker_0124_180168.jpg,188,187,188.Pileated_Woodpecker,187,186,187.American_Three_toed_Woodpecker,0.99647009,0.0017427632,0.99472733,188,True
11074,189.Red_bellied_Woodpecker/Red_Bellied_Woodpecker_0066_182253.jpg,189,188,189.Red_bellied_Woodpecker,36,35,036.Northern_Flicker,0.99907374,0.00027996261,0.99879378,189,True
11075,189.Red_bellied_Woodpecker/Red_Bellied_Woodpecker_0073_180994.jpg,189,188,189.Red_bellied_Woodpecker,36,35,036.Northern_Flicker,0.99746263,0.00056068064,0.99690195,189,True
11088,189.Red_bellied_Woodpecker/Red_Bellied_Woodpecker_0125_180780.jpg,189,188,189.Red_bellied_Woodpecker,36,35,036.Northern_Flicker,0.99770254,0.0013219552,0.99638058,189,True
11174,190.Red_cockaded_Woodpecker/Red_Cockaded_Woodpecker_0029_794724.jpg,190,189,190.Red_cockaded_Woodpecker,94,93,094.White_breasted_Nuthatch,0.20493901,0.2615158,-0.056576788,94,False
11178,190.Red_cockaded_Woodpecker/Red_Cockaded_Woodpecker_0032_182376.jpg,190,189,190.Red_cockaded_Woodpecker,189,188,189.Red_bellied_Woodpecker,0.99389815,0.005098274,0.98879988,190,True
11179,190.Red_cockaded_Woodpecker/Red_Cockaded_Woodpecker_0060_182377.jpg,190,189,190.Red_cockaded_Woodpecker,192,191,192.Downy_Woodpecker,0.49906904,0.43743101,0.061638027,190,True
11206,191.Red_headed_Woodpecker/Red_Headed_Woodpecker_0063_183358.jpg,191,190,191.Red_headed_Woodpecker,83,82,083.White_breasted_Kingfisher,0.99056834,0.00096384936,0.98960449,191,True
11232,191.Red_headed_Woodpecker/Red_Headed_Woodpecker_0013_182721.jpg,191,190,191.Red_headed_Woodpecker,188,187,188.Pileated_Woodpecker,0.42850065,0.52631438,-0.097813725,188,False
11244,191.Red_headed_Woodpecker/Red_Headed_Woodpecker_0022_183010.jpg,191,190,191.Red_headed_Woodpecker,69,68,069.Rufous_Hummingbird,0.99858522,0.00019179682,0.99839343,191,True
11283,192.Downy_Woodpecker/Downy_Woodpecker_0041_184528.jpg,192,191,192.Downy_Woodpecker,57,56,057.Rose_breasted_Grosbeak,0.99956781,6.4497312e-05,0.99950331,192,True
11302,192.Downy_Woodpecker/Downy_Woodpecker_0044_184170.jpg,192,191,192.Downy_Woodpecker,187,186,187.American_Three_toed_Woodpecker,0.99275452,0.0024734908,0.99028103,192,True
11303,192.Downy_Woodpecker/Downy_Woodpecker_0123_184692.jpg,192,191,192.Downy_Woodpecker,114,113,114.Black_throated_Sparrow,0.15128858,0.37279534,-0.22150676,114,False
11332,193.Bewick_Wren/Bewick_Wren_0015_184981.jpg,193,192,193.Bewick_Wren,114,113,114.Black_throated_Sparrow,0.95296967,0.0080244839,0.94494519,193,True
11347,193.Bewick_Wren/Bewick_Wren_0010_185142.jpg,193,192,193.Bewick_Wren,195,194,195.Carolina_Wren,0.94056934,0.049417805,0.89115154,193,True
11366,193.Bewick_Wren/Bewick_Wren_0067_184816.jpg,193,192,193.Bewick_Wren,114,113,114.Black_throated_Sparrow,0.96141684,0.0070975628,0.95431928,193,True
11412,194.Cactus_Wren/Cactus_Wren_0069_186033.jpg,194,193,194.Cactus_Wren,198,197,198.Rock_Wren,0.64762121,0.17423944,0.47338177,194,True
11421,194.Cactus_Wren/Cactus_Wren_0034_185817.jpg,194,193,194.Cactus_Wren,36,35,036.Northern_Flicker,0.95535451,0.031402815,0.9239517,194,True
11423,194.Cactus_Wren/Cactus_Wren_0098_185637.jpg,194,193,194.Cactus_Wren,126,125,126.Nelson_Sharp_tailed_Sparrow,0.99862087,0.00018679729,0.99843407,194,True
11448,195.Carolina_Wren/Carolina_Wren_0014_186525.jpg,195,194,195.Carolina_Wren,130,129,130.Tree_Sparrow,0.99694115,0.0004443597,0.99649679,195,True
11456,195.Carolina_Wren/Carolina_Wren_0128_186581.jpg,195,194,195.Carolina_Wren,199,198,199.Winter_Wren,0.99412376,0.002544557,0.9915792,195,True
11484,195.Carolina_Wren/Carolina_Wren_0033_186848.jpg,195,194,195.Carolina_Wren,174,173,174.Palm_Warbler,0.99948728,7.3214615e-05,0.99941407,195,True
11493,196.House_Wren/House_Wren_0087_187946.jpg,196,195,196.House_Wren,199,198,199.Winter_Wren,0.898449,0.033721618,0.86472739,196,True
11516,196.House_Wren/House_Wren_0133_187101.jpg,196,195,196.House_Wren,199,198,199.Winter_Wren,0.10411883,0.45924005,-0.35512122,199,False
11532,196.House_Wren/House_Wren_0094_187226.jpg,196,195,196.House_Wren,153,152,153.Philadelphia_Vireo,0.89984626,0.0619266,0.83791966,196,True
11555,197.Marsh_Wren/Marsh_Wren_0103_188483.jpg,197,196,197.Marsh_Wren,193,192,193.Bewick_Wren,0.73227257,0.16802041,0.56425215,197,True
11558,197.Marsh_Wren/Marsh_Wren_0008_188533.jpg,197,196,197.Marsh_Wren,121,120,121.Grasshopper_Sparrow,0.99145073,0.0012785083,0.99017222,197,True
11579,197.Marsh_Wren/Marsh_Wren_0094_188710.jpg,197,196,197.Marsh_Wren,193,192,193.Bewick_Wren,0.68698412,0.11887451,0.56810962,197,True
11647,198.Rock_Wren/Rock_Wren_0080_189340.jpg,198,197,198.Rock_Wren,150,149,150.Sage_Thrasher,0.57869649,0.19103783,0.38765866,198,True
11652,198.Rock_Wren/Rock_Wren_0063_189121.jpg,198,197,198.Rock_Wren,121,120,121.Grasshopper_Sparrow,0.9933514,0.0023721342,0.99097927,198,True
11657,198.Rock_Wren/Rock_Wren_0123_189405.jpg,198,197,198.Rock_Wren,91,90,091.Mockingbird,0.99748033,0.00091812958,0.9965622,198,True
11685,199.Winter_Wren/Winter_Wren_0081_190049.jpg,199,198,199.Winter_Wren,195,194,195.Carolina_Wren,0.95522976,0.033137839,0.92209192,199,True
11708,199.Winter_Wren/Winter_Wren_0051_189990.jpg,199,198,199.Winter_Wren,11,10,011.Rusty_Blackbird,0.084899582,0.11681942,-0.031919837,11,False
11718,199.Winter_Wren/Winter_Wren_0126_190342.jpg,199,198,199.Winter_Wren,129,128,129.Song_Sparrow,0.00040233613,0.25581521,-0.25541287,129,False
11743,200.Common_Yellowthroat/Common_Yellowthroat_0106_190989.jpg,200,199,200.Common_Yellowthroat,168,167,168.Kentucky_Warbler,0.98174781,0.0093966248,0.97235118,200,True
11755,200.Common_Yellowthroat/Common_Yellowthroat_0009_190578.jpg,200,199,200.Common_Yellowthroat,153,152,153.Philadelphia_Vireo,0.98654139,0.0021553366,0.98438605,200,True
11759,200.Common_Yellowthroat/Common_Yellowthroat_0088_190594.jpg,200,199,200.Common_Yellowthroat,168,167,168.Kentucky_Warbler,0.8172462,0.094109654,0.72313654,200,True
