checkpoint,transform,n_samples,n_images,n_degenerate,grad_cosine_mean,grad_cosine_median,grad_cosine_std,grad_cosine_min,grad_cosine_max,grad_cosine_ci_low,grad_cosine_ci_high,frac_cosine_negative,grad_norm_ratio_mean,grad_norm_ratio_median,grad_norm_ratio_std,frac_norm_ratio_above_one,clean_grad_norm_mean,transformed_grad_norm_mean,clean_loss_mean,transformed_loss_mean,delta_loss_mean,clean_margin_mean,transformed_margin_mean,delta_margin_mean,delta_margin_median,frac_delta_margin_negative,feature_cosine_mean,prediction_consistency_rate,accuracy_clean,accuracy_transformed,accuracy_delta,grad_cosine_q01,grad_norm_ratio_q01,grad_cosine_q05,grad_norm_ratio_q05,grad_cosine_q25,grad_norm_ratio_q25,grad_cosine_q5,grad_norm_ratio_q5,grad_cosine_q75,grad_norm_ratio_q75,grad_cosine_q95,grad_norm_ratio_q95,grad_cosine_q99,grad_norm_ratio_q99,grad_cosine_mean_full,grad_norm_ratio_mean_full,grad_cosine_mean_backbone,grad_norm_ratio_mean_backbone,grad_cosine_mean_head,grad_norm_ratio_mean_head,grad_cosine_mean_stem,grad_norm_ratio_mean_stem,grad_cosine_mean_layer1,grad_norm_ratio_mean_layer1,grad_cosine_mean_layer2,grad_norm_ratio_mean_layer2,grad_cosine_mean_layer3,grad_norm_ratio_mean_layer3,grad_cosine_mean_layer4,grad_norm_ratio_mean_layer4
init,identity,600,600,0,1,1,0,1,1,1,1,0,1,1,0,0,51.247248,51.247248,5.5722419,5.5722419,0,-0.023497011,-0.023497011,0,0,0,0.99999999,1,0.0066666667,0.0066666667,0,1,1,1,1,1,1,1,1,1,1,1,1,1,1,1,1,1,1,1,1,1,1,1,1,1,1,1,1,1,1
init,horizontal_flip,600,600,0,0.67156273,0.67328502,0.041021196,0.49463464,0.90566189,0.66835174,0.67495833,0,1.002732,0.99842559,0.072269514,0.49333333,51.247248,51.198307,5.5722419,5.5587104,-0.013531495,-0.023497011,-0.021281436,0.0022155753,0.0019823165,0.36333333,0.95904875,0.64666667,0.0066666667,0.0066666667,0,0.58236743,0.85853919,0.60558249,0.88954849,0.64516529,0.95306725,0.67328502,0.99842559,0.69733968,1.0515016,0.73962098,1.1282631,0.76043948,1.1755111,0.67156273,1.002732,0.54810581,1.0039909,0.95893075,1.0014745,0.33596107,1.0239779,0.37235895,1.0156567,0.47440745,1.0069721,0.44300039,1.0046097,0.67602751,1.0039655
init,color_jitter,600,600,0,0.80905433,0.81604115,0.078030898,0.50829802,0.95851981,0.80269111,0.81508448,0,1.0325672,1.0286875,0.063532564,0.66833333,51.247248,52.7878,5.5722419,5.5762045,0.0039625886,-0.023497011,-0.021941263,0.0015557478,0.0014402145,0.38666667,0.9558614,0.64333333,0.0066666667,0.0083333333,0.0016666667,0.59559986,0.90022801,0.66987673,0.94073994,0.7618599,0.98831374,0.81604115,1.0286875,0.8665621,1.0707123,0.91909668,1.1467539,0.94533549,1.2116054,0.80905433,1.0325672,0.74863905,1.0430826,0.95573909,1.0090593,0.587507,1.1566679,0.62619263,1.0777365,0.70655542,1.0644777,0.71188389,1.0416956,0.82398952,1.0225734
init,rotation,600,600,0,0.73861093,0.73606084,0.07408894,0.55057525,0.98838116,0.7329117,0.74447672,0,1.0263248,1.0200464,0.078688224,0.61166667,51.247248,52.323709,5.5722419,5.5645593,-0.0076825594,-0.023497011,-0.020998925,0.0024980863,0.0021628402,0.34166667,0.94322861,0.60666667,0.0066666667,0.005,-0.0016666667,0.58762112,0.86615744,0.62685572,0.90520762,0.68310202,0.97265758,0.73606084,1.0200464,0.78859434,1.0740403,0.86458904,1.1724827,0.92461428,1.2373254,0.73861093,1.0263248,0.65120689,1.0288131,0.9430668,1.0233445,0.49052498,1.1092435,0.52691992,1.0390508,0.58709211,1.0292047,0.57617832,1.0335602,0.74522116,1.0249322
init,random_resized_crop,600,600,0,0.71489508,0.71793504,0.064668181,0.4568403,0.86632885,0.70995612,0.72021736,0,1.0352056,1.0307654,0.091379653,0.64,51.247248,52.767005,5.5722419,5.5718099,-0.00043194287,-0.023497011,-0.022420892,0.0010761189,0.0013137961,0.43333333,0.94487169,0.63333333,0.0066666667,0.0083333333,0.0016666667,0.55987097,0.80813053,0.60730551,0.89848583,0.67202956,0.9768233,0.71793504,1.0307654,0.7586842,1.0930852,0.81572233,1.1849032,0.85047719,1.2614343,0.71489508,1.0352056,0.61914619,1.0458119,0.94471626,1.0124526,0.45294802,1.1802224,0.48124471,1.1021166,0.56013406,1.0828931,0.54305494,1.0432653,0.72157908,1.0137762
init,gaussian_blur,600,600,0,0.64881454,0.65291789,0.087409479,0.33124696,0.85466863,0.64213163,0.65609207,0,1.1002658,1.0927567,0.13986878,0.76166667,51.247248,55.811393,5.5722419,5.5438953,-0.028346566,-0.023497011,-0.020399519,0.0030974925,0.0030099557,0.355,0.90731715,0.54666667,0.0066666667,0.0066666667,0,0.44202272,0.81459673,0.50219427,0.89378906,0.59060348,1.0033547,0.65291789,1.0927567,0.71500961,1.1789023,0.78080243,1.3216155,0.82420162,1.471657,0.64881454,1.1002658,0.55229714,1.137797,0.90709114,1.0094533,0.32089182,1.3173865,0.39059645,1.2473431,0.48091158,1.2615557,0.50019975,1.1639967,0.68018127,1.0413582
init,random_erasing,600,600,0,0.75996165,0.78183612,0.11726014,0.40573609,0.96064728,0.75068184,0.76918731,0,1.0770996,1.0630149,0.10306737,0.77,51.247248,54.824352,5.5722419,5.5970686,0.024826744,-0.023497011,-0.022515564,0.00098144755,0.0012458676,0.42666667,0.9295288,0.62,0.0066666667,0.0066666667,0,0.45437496,0.8854805,0.53952437,0.9356234,0.68363522,1.0045894,0.78183612,1.0630149,0.85190623,1.1350174,0.91448849,1.2722194,0.9408131,1.3635986,0.75996165,1.0770996,0.68981299,1.0886764,0.92933182,1.0535869,0.62954893,1.0786916,0.6312214,1.1132139,0.65821904,1.113232,0.63740078,1.0945229,0.73960574,1.0784764
experiment_0a_best,identity,600,600,0,1,1,0,1,1,1,1,0,1,1,0,0,59.945426,59.945426,0.94612601,0.94612601,0,0.49816053,0.49816053,0,0,0,0.99999999,1,0.76166667,0.76166667,0,1,1,1,1,1,1,1,1,1,1,1,1,1,1,1,1,1,1,1,1,1,1,1,1,1,1,1,1,1,1
experiment_0a_best,horizontal_flip,600,600,0,0.64948868,0.65660357,0.076525261,0.3252718,0.82854867,0.64356619,0.65569441,0,1.4392599,1.0087052,1.9885708,0.50833333,59.945426,58.171051,0.94612601,0.90725017,-0.038875841,0.49816053,0.53301345,0.034852921,0.0012491509,0.445,0.9618651,0.88333333,0.76166667,0.78,0.018333333,0.39965575,0.075867965,0.51714048,0.17469344,0.60473086,0.60734631,0.65660357,1.0087052,0.70010629,1.5091661,0.76270466,4.3004315,0.80169945,9.1292371,0.64948868,1.4392599,0.6378543,1.4415982,0.9387933,1.3913382,0.54688089,1.4754261,0.58224837,1.4771588,0.62817824,1.4533034,0.61179142,1.447648,0.72558173,1.4107587
experiment_0a_best,color_jitter,600,600,0,0.68125815,0.72455092,0.17804913,-0.036841849,0.96583152,0.66709737,0.69562251,0.0016666667,43.804593,1.7111691,620.61241,0.73666667,59.945426,88.897643,0.94612601,1.6745648,0.72843875,0.49816053,0.35283453,-0.14532601,-0.043907152,0.68333333,0.91853133,0.695,0.76166667,0.6,-0.16166667,0.17105195,0.1580666,0.32920985,0.44307016,0.58442233,0.98200265,0.72455092,1.7111691,0.8145017,6.2737316,0.90642109,70.252491,0.93908661,446.41717,0.68125815,43.804593,0.67438043,44.505428,0.86713456,32.319486,0.5723479,55.099921,0.61624829,56.612208,0.67518188,48.495473,0.68425266,41.046731,0.73283183,35.014547
experiment_0a_best,rotation,600,600,0,0.76652212,0.77581689,0.09304708,0.28760426,0.99086058,0.75871778,0.77381371,0,2.1659002,1.0940401,3.5266663,0.58333333,59.945426,64.857787,0.94612601,1.0549761,0.10885006,0.49816053,0.49098231,-0.0071782271,-0.00070038586,0.53,0.95977172,0.865,0.76166667,0.74833333,-0.013333333,0.49189976,0.12348058,0.60922988,0.30405225,0.71499554,0.79800147,0.77581689,1.0940401,0.82924612,1.97136,0.89320665,7.384433,0.9516308,17.885046,0.76652212,2.1659002,0.75975772,2.1709691,0.93671179,2.0396038,0.70947099,2.2850664,0.73355529,2.200568,0.75185159,2.2013625,0.74555367,2.1821744,0.80213443,2.0904895
experiment_0a_best,random_resized_crop,600,600,0,0.68530406,0.7055778,0.11561552,0.17929499,0.9046028,0.67657094,0.69469277,0,8.8043775,1.2902928,78.383126,0.66,59.945426,77.401285,0.94612601,1.2566119,0.31048587,0.49816053,0.43887543,-0.059285102,-0.004613044,0.56833333,0.93782604,0.79,0.76166667,0.69833333,-0.063333333,0.3239573,0.10440548,0.46063066,0.26013631,0.62475281,0.86417798,0.7055778,1.2902928,0.76471642,2.9527011,0.83789997,20.13523,0.8722548,90.431717,0.68530406,8.8043775,0.67714483,8.9073086,0.90144989,6.9487996,0.61313747,10.588222,0.64282796,9.4929633,0.67422403,9.3212904,0.66359998,9.0517513,0.72728954,7.7676216
experiment_0a_best,gaussian_blur,600,600,0,0.50295388,0.50005643,0.15085506,0.07253437,0.8394745,0.49114041,0.51520659,0,38.525485,2.4996955,139.52304,0.80666667,59.945426,109.18545,0.94612601,1.9228976,0.97677161,0.49816053,0.28701548,-0.21114505,-0.1455637,0.71333333,0.86465521,0.61,0.76166667,0.535,-0.22666667,0.14635171,0.2217884,0.24810199,0.60345535,0.39309031,1.0885883,0.50005643,2.4996955,0.61834267,14.447596,0.73994445,160.28444,0.78851302,786.92499,0.50295388,38.525485,0.49335396,39.086779,0.8039456,25.200366,0.37406792,50.621361,0.41775834,45.738786,0.48569837,43.394939,0.50662495,37.975827,0.59893454,29.055107
experiment_0a_best,random_erasing,600,600,0,0.75309215,0.80895945,0.19406365,0.12178727,0.98794814,0.73750856,0.76712503,0,24.540993,1.2454195,239.82749,0.66,59.945426,78.3867,0.94612601,1.5063252,0.56019921,0.49816053,0.37655477,-0.12160577,-0.014849859,0.65,0.92718603,0.745,0.76166667,0.63,-0.13166667,0.19105736,0.26116162,0.35181923,0.50354453,0.6446836,0.9148618,0.80895945,1.2454195,0.9074135,3.2631126,0.96582019,45.484921,0.98054217,429.60902,0.75309215,24.540993,0.7474462,24.75858,0.89311863,20.577811,0.73334856,30.142709,0.73464958,28.996547,0.74996077,26.751123,0.73122807,24.295547,0.76498652,21.606872
0b_baseline_best,identity,600,600,0,1,1,0,1,1,1,1,0,1,1,0,0,57.750253,57.750253,0.9186826,0.9186826,0,0.50600262,0.50600262,0,0,0,0.99999999,1,0.78166667,0.78166667,0,1,1,1,1,1,1,1,1,1,1,1,1,1,1,1,1,1,1,1,1,1,1,1,1,1,1,1,1,1,1
0b_baseline_best,horizontal_flip,600,600,0,0.64996674,0.65952544,0.080170557,0.33651051,0.8231961,0.64380258,0.65635108,0,1.5030567,0.9864602,1.8225351,0.48333333,57.750253,58.071118,0.9186826,0.91267884,-0.006003756,0.50600262,0.52528756,0.019284937,0.0022577672,0.44666667,0.96249621,0.875,0.78166667,0.76166667,-0.02,0.40858986,0.12930857,0.50316404,0.20943838,0.6093006,0.60365583,0.65952544,0.9864602,0.70645723,1.5265557,0.75958234,5.1527628,0.80436143,9.7808763,0.64996674,1.5030567,0.63777163,1.5061371,0.9382855,1.4429608,0.53526262,1.5325196,0.5820641,1.5215288,0.62775174,1.5242299,0.61056436,1.5151961,0.72492225,1.4740578
0b_baseline_best,color_jitter,600,600,0,0.68614287,0.72458556,0.16926797,0.12369276,0.96282568,0.67270665,0.69949384,0,25.898822,1.592377,186.31407,0.715,57.750253,86.087516,0.9186826,1.6528885,0.73420594,0.50600262,0.35652297,-0.14947965,-0.047011505,0.66666667,0.9190227,0.67666667,0.78166667,0.58833333,-0.19333333,0.23772206,0.14807406,0.3517349,0.44534508,0.57637302,0.93902657,0.72458556,1.592377,0.81097513,5.1445407,0.90498451,70.076458,0.93504274,372.90224,0.68614287,25.898822,0.67898882,26.172609,0.86839275,20.246447,0.5779877,31.867254,0.62566263,28.954399,0.6789002,28.833101,0.68684568,26.017524,0.73236724,21.843266
0b_baseline_best,rotation,600,600,0,0.77826685,0.79022903,0.093652868,0.24142649,0.99265732,0.77102142,0.78538329,0,2.1128976,1.133454,3.8676922,0.62,57.750253,64.166853,0.9186826,0.98303783,0.064355229,0.50600262,0.48250744,-0.023495175,-0.0030814434,0.56666667,0.96348656,0.86333333,0.78166667,0.73833333,-0.043333333,0.49143636,0.14579908,0.61721943,0.36727164,0.72829305,0.85315439,0.79022903,1.133454,0.84014195,1.8684076,0.90343382,5.886677,0.96146836,16.686149,0.77826685,2.1128976,0.7713755,2.1202366,0.94341822,1.9506472,0.72529382,2.2313423,0.74724321,2.1661657,0.76127641,2.1533198,0.75642649,2.1315001,0.81089174,2.0305669
0b_baseline_best,random_resized_crop,600,600,0,0.69712755,0.71628862,0.11287161,0.095136596,0.92389508,0.68762528,0.70570868,0,5.5258382,1.2882888,19.786246,0.68,57.750253,74.904762,0.9186826,1.2304343,0.31175174,0.50600262,0.4223301,-0.083672518,-0.013565622,0.6,0.94085114,0.79833333,0.78166667,0.69166667,-0.09,0.30247265,0.10861114,0.49237671,0.31463689,0.63792562,0.90003497,0.71628862,1.2882888,0.77883539,2.9440539,0.84550947,19.099519,0.87585217,86.317478,0.69712755,5.5258382,0.68864144,5.5723649,0.90902522,4.7263353,0.62326493,6.6565935,0.65753203,6.0365162,0.68626134,5.9582544,0.67278772,5.4299287,0.73372961,4.9426305
0b_baseline_best,gaussian_blur,600,600,0,0.53666175,0.54546203,0.15174138,0.050623184,0.8668355,0.52461907,0.54821026,0,30.797049,2.7158392,133.11341,0.795,57.750253,102.39613,0.9186826,1.8187648,0.9000822,0.50600262,0.29785096,-0.20815166,-0.12279614,0.71166667,0.87186663,0.58666667,0.78166667,0.54833333,-0.23333333,0.16023357,0.23315964,0.26588531,0.5753163,0.43943414,1.0816854,0.54546203,2.7158392,0.64478552,10.230639,0.77322412,96.417067,0.832051,685.69264,0.53666175,30.797049,0.52711812,31.227575,0.81469248,21.040314,0.41379729,40.996193,0.45256557,36.126457,0.51999044,34.430267,0.53662997,30.591247,0.6220926,23.517934
0b_baseline_best,random_erasing,600,600,0,0.74503276,0.79986671,0.20240716,0.054890079,0.99084379,0.72851342,0.76069767,0,13.183479,1.2516147,72.290693,0.66,57.750253,74.495643,0.9186826,1.5232333,0.60455074,0.50600262,0.38328946,-0.12271316,-0.015219996,0.64,0.92646598,0.75,0.78166667,0.62666667,-0.155,0.17088775,0.18648337,0.3334145,0.56217213,0.63997356,0.91415964,0.79986671,1.2516147,0.90665459,2.9994347,0.96895042,36.183095,0.98145571,293.58288,0.74503276,13.183479,0.7389423,13.220355,0.89005514,12.416962,0.72460654,14.393571,0.72443388,14.644108,0.73902174,13.945236,0.72407776,13.317628,0.75849245,12.093331
0b_baseline_last,identity,600,600,0,1,1,0,1,1,1,1,0,1,1,0,0,57.9688,57.9688,0.91119681,0.91119681,0,0.51450904,0.51450904,0,0,0,0.99999998,1,0.77166667,0.77166667,0,1,1,1,1,1,1,1,1,1,1,1,1,1,1,1,1,1,1,1,1,1,1,1,1,1,1,1,1,1,1
0b_baseline_last,horizontal_flip,600,600,0,0.64747438,0.65592309,0.078940008,0.21909072,0.82900183,0.64066921,0.65370833,0,1.5716087,0.99507864,2.0078124,0.495,57.9688,57.610911,0.91119681,0.89723186,-0.013964952,0.51450904,0.54258448,0.028075441,0.0023564373,0.42666667,0.96318547,0.87666667,0.77166667,0.77166667,0,0.41782128,0.10620584,0.50196188,0.19677824,0.6058433,0.62049597,0.65592309,0.99507864,0.70065241,1.596804,0.75957421,5.3769896,0.79341943,9.0106712,0.64747438,1.5716087,0.6357033,1.5747827,0.93860986,1.5041342,0.53435513,1.6143518,0.57999911,1.6011388,0.62398347,1.587086,0.60870026,1.5837318,0.72398473,1.5377848
0b_baseline_last,color_jitter,600,600,0,0.67534964,0.71047994,0.17488681,-0.043499827,0.96398609,0.66160142,0.68923629,0.0016666667,27.211718,1.6393271,138.93347,0.705,57.9688,87.968447,0.91119681,1.6656012,0.7544044,0.51450904,0.36231347,-0.15219557,-0.038081179,0.66333333,0.91678324,0.67666667,0.77166667,0.59666667,-0.175,0.20669681,0.16251412,0.33466933,0.44157887,0.57793854,0.95643061,0.71047994,1.6393271,0.80544205,5.8747676,0.90204724,106.71527,0.93904973,407.36642,0.67534964,27.211718,0.66824081,27.453401,0.86484464,21.822361,0.56407355,31.296051,0.61256573,30.854587,0.66669458,30.074245,0.67702809,27.159342,0.72493901,23.317829
0b_baseline_last,rotation,600,600,0,0.77567965,0.78633039,0.091893954,0.32191014,0.99152183,0.76827197,0.78293444,0,2.2811494,1.1281448,4.6252191,0.63333333,57.9688,64.534552,0.91119681,0.97058311,0.059386305,0.51450904,0.49752837,-0.016980664,-0.0029992293,0.56666667,0.96314553,0.87333333,0.77166667,0.74166667,-0.03,0.49893537,0.13861167,0.60894464,0.34549536,0.72368476,0.85438495,0.78633039,1.1281448,0.83754726,1.9311857,0.89859939,7.3448259,0.95856606,18.16485,0.77567965,2.2811494,0.76908134,2.2886476,0.94202859,2.1080493,0.72289226,2.4174047,0.74672833,2.3346197,0.75871336,2.3315575,0.75377031,2.3053342,0.80862754,2.1841976
0b_baseline_last,random_resized_crop,600,600,0,0.69502629,0.71470987,0.11476203,0.076651876,0.92887587,0.68541502,0.70385349,0,6.2283957,1.3056813,20.702299,0.68,57.9688,75.529333,0.91119681,1.2071518,0.29595497,0.51450904,0.43639126,-0.078117773,-0.0099143738,0.59833333,0.9406228,0.8,0.77166667,0.69166667,-0.08,0.335636,0.11141255,0.47204756,0.30418943,0.64195177,0.90852863,0.71470987,1.3056813,0.77033883,3.2518775,0.84587064,26.830343,0.87001408,94.582154,0.69502629,6.2283957,0.68687559,6.2767602,0.90733689,5.3252657,0.62553716,7.5254084,0.65612994,6.8282087,0.68363361,6.6877935,0.67011602,6.0958362,0.73199814,5.5466317
0b_baseline_last,gaussian_blur,600,600,0,0.53684485,0.54877336,0.15246681,0.013887459,0.85943206,0.52408235,0.54883122,0,43.268301,2.7587651,229.45494,0.79833333,57.9688,104.42036,0.91119681,1.7856821,0.87448527,0.51450904,0.30740671,-0.20710233,-0.11518039,0.71,0.87155093,0.625,0.77166667,0.56833333,-0.20333333,0.15353776,0.22229569,0.27326906,0.58636642,0.43522603,1.0845195,0.54877336,2.7587651,0.64320725,11.259978,0.77265604,117.4361,0.83305408,988.97209,0.53684485,43.268301,0.52771988,43.900907,0.8120405,28.892863,0.41954929,57.010344,0.45734067,52.766664,0.52035783,49.609067,0.53678929,42.744582,0.61942844,31.860493
0b_baseline_last,random_erasing,600,600,0,0.74259419,0.80136185,0.20350987,0.061624325,0.98917652,0.72532239,0.75799236,0,17.967411,1.2755173,108.97808,0.66166667,57.9688,75.25829,0.91119681,1.527296,0.61609915,0.51450904,0.39741938,-0.11708966,-0.012672029,0.62333333,0.92590203,0.75,0.77166667,0.63333333,-0.13833333,0.15724089,0.20049972,0.32426275,0.55335425,0.63375315,0.92171477,0.80136185,1.2755173,0.90321191,3.4133433,0.96616315,51.877807,0.9796554,345.45993,0.74259419,17.967411,0.73666106,18.035457,0.88923606,16.608869,0.7208753,19.150344,0.72195165,19.772347,0.73571919,18.870954,0.72185969,18.423616,0.75748297,16.469372
0b_color_jitter_best,identity,600,600,0,1,1,0,1,1,1,1,0,1,1,0,0,62.194613,62.194613,1.0068102,1.0068102,0,0.45595072,0.45595072,0,0,0,0.99999999,1,0.73833333,0.73833333,0,1,1,1,1,1,1,1,1,1,1,1,1,1,1,1,1,1,1,1,1,1,1,1,1,1,1,1,1,1,1
0b_color_jitter_best,color_jitter,600,600,0,0.85168914,0.86855525,0.081295416,0.20570705,0.98031622,0.84568175,0.85791551,0,1.7174001,1.0801955,3.9624055,0.60166667,62.194613,67.41479,1.0068102,1.0970374,0.090227166,0.45595072,0.44387923,-0.01207149,-0.0016458406,0.55833333,0.98151155,0.87833333,0.73833333,0.71166667,-0.026666667,0.59855972,0.30424458,0.71121083,0.49997782,0.81720014,0.8714682,0.86855525,1.0801955,0.90570703,1.5498424,0.94639688,3.9088744,0.9675607,10.34055,0.85168914,1.7174001,0.84682321,1.7221221,0.96650238,1.6076095,0.73466566,1.8535619,0.79283254,1.7694709,0.84860258,1.7445807,0.85995485,1.7289959,0.89520871,1.6578923
0b_rotation_best,identity,600,600,0,1,1,0,1,1,1,1,0,1,1,0,0,59.991126,59.991126,0.97097453,0.97097453,0,0.49443178,0.49443178,0,0,0,0.99999999,1,0.76,0.76,0,1,1,1,1,1,1,1,1,1,1,1,1,1,1,1,1,1,1,1,1,1,1,1,1,1,1,1,1,1,1
0b_rotation_best,rotation,600,600,0,0.80898107,0.81371218,0.074698561,0.45120865,0.99287672,0.80275783,0.81487954,0,1.3791169,1.0287749,2.1360669,0.52833333,59.991126,61.977934,0.97097453,0.97985375,0.0088792217,0.49443178,0.51163315,0.017201375,0.001639875,0.45,0.97631651,0.87333333,0.76,0.74166667,-0.018333333,0.63413671,0.14860168,0.68146535,0.25656476,0.76214137,0.687613,0.81371218,1.0287749,0.86137893,1.4402756,0.91563933,3.0267338,0.96249112,8.7830887,0.80898107,1.3791169,0.80272863,1.381558,0.96047446,1.3211159,0.75337435,1.4523884,0.77984108,1.411714,0.79316045,1.4023124,0.78940578,1.3807363,0.84402951,1.3364507
0b_crop_best,identity,600,600,0,1,1,0,1,1,1,1,0,1,1,0,0,58.168774,58.168774,0.87329913,0.87329913,0,0.51700977,0.51700977,0,0,0,0.99999999,1,0.78666667,0.78666667,0,1,1,1,1,1,1,1,1,1,1,1,1,1,1,1,1,1,1,1,1,1,1,1,1,1,1,1,1,1,1
0b_crop_best,random_resized_crop,600,600,0,0.70417678,0.72317274,0.10749838,0.23257877,0.91310298,0.69511126,0.71245829,0,6.7508413,1.263261,37.826401,0.66166667,58.168774,75.349848,0.87329913,1.1086899,0.23539078,0.51700977,0.4633397,-0.053670075,-0.0033422649,0.575,0.94718368,0.83166667,0.78666667,0.71333333,-0.073333333,0.35545121,0.038179684,0.51707252,0.19230742,0.64663999,0.82413911,0.72317274,1.263261,0.78153918,2.5017182,0.8444521,13.604379,0.86871382,144.04938,0.70417678,6.7508413,0.69594672,6.7702654,0.91277452,6.2791815,0.62767802,7.095124,0.66885945,7.3437887,0.69375165,7.0963281,0.67856524,6.6041297,0.73899958,6.1709849
0b_gaussian_blur_best,identity,600,600,0,1,1,0,1,1,1,1,0,1,1,0,0,57.48021,57.48021,0.96377832,0.96377832,0,0.47933222,0.47933222,0,0,0,0.99999999,1,0.77,0.77,0,1,1,1,1,1,1,1,1,1,1,1,1,1,1,1,1,1,1,1,1,1,1,1,1,1,1,1,1,1,1
0b_gaussian_blur_best,gaussian_blur,600,600,0,0.78999549,0.80141555,0.078553185,0.26564996,0.92491897,0.78375669,0.79605245,0,1.6078621,1.135385,2.6387886,0.62833333,57.48021,66.309728,0.96377832,1.0529787,0.08920034,0.47933222,0.48183014,0.0024979186,0.00027787727,0.48333333,0.97788756,0.87166667,0.77,0.74,-0.03,0.56044783,0.16488548,0.64493171,0.34885138,0.75027348,0.82952459,0.80141555,1.135385,0.84579617,1.543066,0.88982851,3.9516575,0.91291856,10.120157,0.78999549,1.6078621,0.78306255,1.6156065,0.96076423,1.4266726,0.63736856,2.4749646,0.67112102,1.7365986,0.78786889,1.6437355,0.81992778,1.5073414,0.87307676,1.4352104
0b_random_erasing_best,identity,600,600,0,1,1,0,1,1,1,1,0,1,1,0,0,59.32159,59.32159,0.98032473,0.98032473,0,0.46203917,0.46203917,0,0,0,0.99999999,1,0.75833333,0.75833333,0,1,1,1,1,1,1,1,1,1,1,1,1,1,1,1,1,1,1,1,1,1,1,1,1,1,1,1,1,1,1
0b_random_erasing_best,random_erasing,600,600,0,0.82012907,0.8681638,0.15100548,0.14388145,0.99029215,0.80831923,0.83174708,0,3.3853134,1.0550021,12.774779,0.57166667,59.32159,70.014919,0.98032473,1.2280138,0.2476891,0.46203917,0.41748824,-0.044550936,0.00025266412,0.49,0.96253826,0.815,0.75833333,0.69333333,-0.065,0.33495139,0.18762695,0.48952215,0.42380103,0.76289511,0.84805604,0.8681638,1.0550021,0.92552362,1.5656288,0.97255251,10.231897,0.9810534,47.327226,0.82012907,3.3853134,0.81455643,3.3853125,0.93744191,3.4213298,0.78930923,3.4953317,0.79953512,3.6237148,0.81311148,3.5422518,0.80238964,3.310765,0.83818853,3.2166466
